time,temp
2025-04-04 02:58:38,12.76
2025-04-04 03:46:11,13.76
2025-04-04 03:57:48,13.76
2025-04-04 04:43:09,14.76
2025-04-04 04:55:20,14.76
2025-04-04 05:37:53,14.76
2025-04-04 05:50:04,14.76
2025-04-04 06:47:02,14.76
2025-04-04 06:58:41,14.76
2025-04-04 07:30:02,14.76
2025-04-04 07:43:05,14.76
2025-04-04 07:55:04,14.76
2025-04-04 08:44:47,13.76
2025-04-04 08:56:29,13.76
2025-04-04 09:34:47,11.76
2025-04-04 09:46:57,11.76
2025-04-04 09:58:38,11.76
2025-04-04 10:41:49,9.76
2025-04-04 10:53:38,9.76
2025-04-04 11:27:06,7.76
2025-04-04 11:42:18,7.76
2025-04-04 11:54:21,7.76
2025-04-04 13:17:40,10.28
2025-04-04 13:44:47,5.76
2025-04-04 13:56:25,5.76
2025-04-04 14:39:16,7.76
2025-04-04 14:51:22,7.76
2025-04-04 15:36:33,7.76
2025-04-04 15:50:55,7.76
2025-04-04 16:44:17,7.76
2025-04-04 16:56:22,7.76
2025-04-04 17:33:29,6.76
2025-04-04 17:45:23,6.76
2025-04-04 17:57:04,6.76
2025-04-04 18:46:44,7.76
2025-04-04 18:58:32,7.76
2025-04-04 19:27:01,7.76
2025-04-04 19:40:03,7.76
2025-04-04 19:52:08,7.76
2025-04-04 20:32:53,7.76
2025-04-04 20:45:28,7.76
2025-04-04 20:57:11,7.76
2025-04-04 21:29:32,7.76
2025-04-04 21:41:21,7.76
2025-04-04 21:53:05,7.76
2025-04-04 22:36:18,8.76
2025-04-04 22:48:30,8.76
2025-04-04 23:27:55,7.76
2025-04-04 23:41:28,7.76
2025-04-04 23:53:43,7.76
2025-04-05 03:05:10,7.76
2025-04-05 03:49:18,7.76
2025-04-05 04:37:45,7.76
2025-04-05 04:50:33,7.76
2025-04-05 05:34:40,7.76
2025-04-05 05:46:45,7.76
2025-04-05 05:58:33,7.76
2025-04-05 06:44:27,7.76
2025-04-05 06:56:15,7.76
2025-04-05 07:26:32,11.17
2025-04-05 07:40:00,7.76
2025-04-05 07:52:10,7.76
2025-04-05 08:37:24,7.76
2025-04-05 08:49:33,7.76
2025-04-05 09:27:50,7.76
2025-04-05 09:39:53,7.76
2025-04-05 09:51:52,7.76
2025-04-05 10:36:44,7.76
2025-04-05 10:48:41,7.76
2025-04-05 11:22:00,7.76
2025-04-05 11:37:47,7.76
2025-04-05 11:49:50,7.76
2025-04-05 13:01:38,7.76
2025-04-05 13:34:19,7.76
2025-04-05 13:46:14,7.76
2025-04-05 13:58:09,7.76
2025-04-05 14:32:06,7.76
2025-04-05 14:43:55,7.76
2025-04-05 14:55:39,7.76
2025-04-05 15:29:37,6.76
2025-04-05 15:41:35,6.76
2025-04-05 15:53:39,6.76
2025-04-05 16:40:54,6.76
2025-04-05 16:52:42,6.76
2025-04-05 17:30:03,6.76
2025-04-05 17:42:14,6.76
2025-04-05 17:53:54,6.76
2025-04-05 18:39:47,7.76
2025-04-05 18:51:32,7.76
2025-04-05 19:20:50,6.76
2025-04-05 19:37:32,6.76
2025-04-05 19:49:20,6.76
2025-04-05 20:29:30,6.76
2025-04-05 20:42:08,6.76
2025-04-05 20:54:11,6.76
2025-04-05 21:27:49,5.76
2025-04-05 21:39:41,5.76
2025-04-05 21:51:42,5.76
2025-04-05 22:33:43,5.76
2025-04-05 22:45:24,5.76
2025-04-05 22:57:06,5.76
2025-04-05 23:29:51,7.76
2025-04-05 23:41:40,7.76
2025-04-05 23:53:48,6.76
2025-04-06 03:11:22,12.67
2025-04-06 03:51:22,13.76
2025-04-06 04:45:25,13.76
2025-04-06 04:57:06,13.76
2025-04-06 05:33:51,13.76
2025-04-06 05:45:51,13.76
2025-04-06 05:57:40,13.76
2025-04-06 06:48:13,13.76
2025-04-06 07:00:03,13.76
2025-04-06 07:27:48,13.76
2025-04-06 07:39:29,13.76
2025-04-06 07:51:46,13.76
2025-04-06 08:38:58,12.76
2025-04-06 08:51:01,12.76
2025-04-06 09:29:38,11.76
2025-04-06 09:41:35,11.76
2025-04-06 09:53:38,11.76
2025-04-06 10:37:55,9.76
2025-04-06 10:49:43,9.76
2025-04-06 11:22:35,8.76
2025-04-06 11:38:18,8.76
2025-04-06 11:50:22,8.76
2025-04-06 13:01:59,8.76
2025-04-06 13:35:30,7.76
2025-04-06 13:47:08,7.76
2025-04-06 13:59:05,7.76
2025-04-06 14:33:04,5.76
2025-04-06 14:44:52,5.76
2025-04-06 14:56:36,5.76
2025-04-06 15:30:04,3.76
2025-04-06 15:41:53,3.76
2025-04-06 15:53:52,3.76
2025-04-06 16:39:58,3.76
2025-04-06 16:51:59,3.76
2025-04-06 17:29:23,4.76
2025-04-06 17:42:02,4.76
2025-04-06 17:53:42,4.76
2025-04-06 18:40:36,2.76
2025-04-06 18:52:30,2.76
2025-04-06 19:21:07,7.15
2025-04-06 19:39:59,2.76
2025-04-06 19:51:38,2.76
2025-04-06 20:31:16,3.76
2025-04-06 20:42:57,3.76
2025-04-06 20:54:51,3.76
2025-04-06 21:27:45,2.76
2025-04-06 21:40:38,2.76
2025-04-06 21:52:56,2.76
2025-04-06 22:33:14,3.76
2025-04-06 22:45:12,3.76
2025-04-06 22:56:55,3.76
2025-04-06 23:27:51,8.76
2025-04-06 23:40:12,8.76
2025-04-06 23:52:19,8.76
2025-04-07 03:12:14,16.71
2025-04-07 03:52:49,17.76
2025-04-07 04:40:27,17.76
2025-04-07 04:53:02,17.76
2025-04-07 05:38:04,18.76
2025-04-07 05:49:59,18.76
2025-04-07 06:48:59,19.76
2025-04-07 07:31:31,18.76
2025-04-07 07:43:37,18.76
2025-04-07 07:55:39,18.76
2025-04-07 08:48:11,17.76
2025-04-07 08:59:58,17.76
2025-04-07 09:38:24,16.76
2025-04-07 09:50:13,16.76
2025-04-07 10:42:04,15.76
2025-04-07 10:54:11,15.76
2025-04-07 11:26:55,14.76
2025-04-07 11:40:12,14.76
2025-04-07 11:52:25,14.76
2025-04-07 13:35:25,14.76
2025-04-07 13:50:50,14.76
2025-04-07 14:40:38,13.76
2025-04-07 14:52:18,13.76
2025-04-07 15:36:03,12.76
2025-04-07 15:48:43,12.76
2025-04-07 16:44:06,12.76
2025-04-07 16:56:42,12.76
2025-04-07 17:34:11,11.76
2025-04-07 17:45:59,11.76
2025-04-07 17:57:45,11.76
2025-04-07 18:46:13,10.76
2025-04-07 18:57:50,10.76
2025-04-07 19:24:44,9.76
2025-04-07 19:39:30,9.76
2025-04-07 19:51:29,9.76
2025-04-07 20:34:46,9.76
2025-04-07 20:47:27,9.76
2025-04-07 20:59:30,9.76
2025-04-07 21:31:36,9.76
2025-04-07 21:43:42,9.76
2025-04-07 21:55:50,9.76
2025-04-07 22:37:24,9.76
2025-04-07 22:49:08,9.76
2025-04-07 23:30:30,10.76
2025-04-07 23:42:51,10.76
2025-04-07 23:54:57,10.76
2025-04-08 03:08:15,17.16
2025-04-08 03:51:55,15.76
2025-04-08 04:41:27,16.76
2025-04-08 04:54:34,16.76
2025-04-08 05:37:52,17.76
2025-04-08 05:49:41,17.76
2025-04-08 06:48:20,17.76
2025-04-08 07:00:07,17.76
2025-04-08 07:31:15,17.76
2025-04-08 07:43:11,17.76
2025-04-08 07:55:14,17.76
2025-04-08 08:48:03,17.76
2025-04-08 09:00:05,17.76
2025-04-08 09:37:55,15.76
2025-04-08 09:49:42,15.76
2025-04-08 10:41:49,13.76
2025-04-08 10:53:35,13.76
2025-04-08 11:26:45,12.76
2025-04-08 11:41:05,12.76
2025-04-08 11:53:23,12.76
2025-04-08 13:35:07,9.76
2025-04-08 13:50:44,9.76
2025-04-08 14:41:47,7.76
2025-04-08 14:53:34,7.76
2025-04-08 15:38:31,6.76
2025-04-08 15:50:47,6.76
2025-04-08 16:48:01,6.76
2025-04-08 16:59:44,6.76
2025-04-08 17:36:56,5.76
2025-04-08 17:49:05,5.76
2025-04-08 18:47:39,5.76
2025-04-08 18:59:34,5.76
2025-04-08 19:26:02,5.76
2025-04-08 19:40:01,5.76
2025-04-08 19:52:13,5.76
2025-04-08 20:36:14,6.76
2025-04-08 20:49:29,6.76
2025-04-08 21:29:06,10.23
2025-04-08 21:42:42,6.76
2025-04-08 21:54:46,6.76
2025-04-08 22:37:23,7.76
2025-04-08 22:49:03,7.76
2025-04-08 23:28:24,10.76
2025-04-08 23:42:25,10.76
2025-04-08 23:54:39,10.76
2025-04-09 03:09:44,15.76
2025-04-09 03:52:36,16.76
2025-04-09 04:40:27,17.76
2025-04-09 04:54:43,17.76
2025-04-09 05:37:51,15.76
2025-04-09 05:49:49,15.76
2025-04-09 06:48:38,14.76
2025-04-09 07:29:52,12.76
2025-04-09 07:42:52,12.76
2025-04-09 07:54:35,12.76
2025-04-09 08:50:58,13.76
2025-04-09 09:38:03,13.76
2025-04-09 09:50:12,13.76
2025-04-09 10:46:39,11.76
2025-04-09 10:58:22,11.76
2025-04-09 11:27:26,10.76
2025-04-09 11:40:21,10.76
2025-04-09 11:52:40,10.76
2025-04-09 13:37:17,9.76
2025-04-09 13:56:43,9.76
2025-04-09 14:45:37,10.76
2025-04-09 14:57:19,10.76
2025-04-09 15:41:50,9.76
2025-04-09 15:54:12,9.76
2025-04-09 16:51:11,9.76
2025-04-09 17:34:10,8.76
2025-04-09 17:45:50,8.76
2025-04-09 17:57:49,8.76
2025-04-09 18:47:24,8.76
2025-04-09 18:59:07,8.76
2025-04-09 19:25:11,8.76
2025-04-09 19:39:44,8.76
2025-04-09 19:52:00,8.76
2025-04-09 20:35:16,7.76
2025-04-09 20:51:37,6.76
2025-04-09 21:26:56,5.76
2025-04-09 21:40:07,5.76
2025-04-09 21:51:54,5.76
2025-04-09 22:32:50,6.76
2025-04-09 22:44:33,6.76
2025-04-09 22:56:46,6.76
2025-04-09 23:29:44,9.76
2025-04-09 23:42:28,9.76
2025-04-09 23:54:41,9.76
2025-04-10 03:10:05,15.76
2025-04-10 03:52:51,15.76
2025-04-10 04:43:50,17.76
2025-04-10 04:55:36,17.76
2025-04-10 05:38:12,17.76
2025-04-10 05:50:00,17.76
2025-04-10 06:48:00,17.76
2025-04-10 06:59:52,17.76
2025-04-10 07:32:37,16.76
2025-04-10 07:44:43,16.76
2025-04-10 07:56:30,16.76
2025-04-10 08:47:03,15.76
2025-04-10 08:58:46,15.76
2025-04-10 09:36:49,13.76
2025-04-10 09:48:34,13.76
2025-04-10 10:41:32,11.76
2025-04-10 10:53:34,11.76
2025-04-10 11:26:46,13.54
2025-04-10 11:40:18,10.76
2025-04-10 11:52:36,10.76
2025-04-10 13:34:38,8.76
2025-04-10 13:50:37,8.76
2025-04-10 14:39:32,7.76
2025-04-10 14:51:56,7.76
2025-04-10 15:36:30,7.76
2025-04-10 15:48:44,7.76
2025-04-10 16:47:06,6.76
2025-04-10 16:58:57,6.76
2025-04-10 17:35:29,6.76
2025-04-10 17:47:32,6.76
2025-04-10 17:59:20,6.76
2025-04-10 18:45:49,6.76
2025-04-10 18:57:56,6.76
2025-04-10 19:22:29,6.76
2025-04-10 19:39:09,6.76
2025-04-10 19:51:09,6.76
2025-04-10 20:33:57,6.76
2025-04-10 20:47:20,6.76
2025-04-10 20:59:03,6.76
2025-04-10 21:30:25,6.76
2025-04-10 21:42:07,6.76
2025-04-10 21:53:50,6.76
2025-04-10 22:38:21,6.76
2025-04-10 22:50:27,6.76
2025-04-10 23:30:44,10.76
2025-04-10 23:44:35,10.76
2025-04-10 23:56:36,10.76
2025-04-11 03:10:27,20.76
2025-04-11 03:52:16,20.76
2025-04-11 04:42:02,22.76
2025-04-11 04:53:58,22.76
2025-04-11 05:40:22,22.76
2025-04-11 05:52:20,22.76
2025-04-11 06:48:41,21.76
2025-04-11 07:28:37,21.76
2025-04-11 07:41:10,21.76
2025-04-11 07:53:11,21.76
2025-04-11 08:44:55,19.76
2025-04-11 08:56:46,19.76
2025-04-11 09:35:56,18.76
2025-04-11 09:47:55,18.76
2025-04-11 10:00:01,18.76
2025-04-11 10:42:16,16.76
2025-04-11 10:54:01,16.76
2025-04-11 11:26:06,13.76
2025-04-11 11:40:16,13.76
2025-04-11 11:52:32,13.76
2025-04-11 13:17:56,11.76
2025-04-11 13:47:06,11.76
2025-04-11 13:58:50,11.76
2025-04-11 14:40:26,10.76
2025-04-11 14:52:16,10.76
2025-04-11 15:34:41,9.76
2025-04-11 15:46:48,9.76
2025-04-11 15:58:44,9.76
2025-04-11 16:47:50,9.76
2025-04-11 16:59:31,9.76
2025-04-11 17:31:35,9.76
2025-04-11 17:44:15,9.76
2025-04-11 17:56:06,9.76
2025-04-11 18:48:06,9.76
2025-04-11 19:00:13,9.76
2025-04-11 19:25:30,10.76
2025-04-11 19:39:51,10.76
2025-04-11 19:51:43,10.76
2025-04-11 20:33:27,9.76
2025-04-11 20:45:59,9.76
2025-04-11 20:58:01,9.76
2025-04-11 21:30:08,9.76
2025-04-11 21:42:01,9.76
2025-04-11 21:53:49,9.76
2025-04-11 22:38:20,10.76
2025-04-11 22:50:33,10.76
2025-04-11 23:28:55,15.76
2025-04-11 23:42:00,15.76
2025-04-11 23:54:12,15.76
2025-04-12 03:07:05,21.76
2025-04-12 03:49:29,21.76
2025-04-12 04:39:41,19.76
2025-04-12 04:51:23,15.76
2025-04-12 05:32:18,16.76
2025-04-12 05:44:09,16.76
2025-04-12 05:55:57,16.76
2025-04-12 06:44:50,16.76
2025-04-12 06:56:44,16.76
2025-04-12 07:27:20,15.76
2025-04-12 07:40:06,15.76
2025-04-12 07:52:11,15.76
2025-04-12 08:38:12,11.76
2025-04-12 08:52:04,11.76
2025-04-12 09:31:15,8.76
2025-04-12 09:43:10,8.76
2025-04-12 09:55:16,8.76
2025-04-12 10:35:53,6.76
2025-04-12 10:47:56,6.76
2025-04-12 10:59:45,6.76
2025-04-12 11:24:01,6.41
2025-04-12 11:39:10,4.76
2025-04-12 11:51:28,4.76
2025-04-12 13:02:14,4.76
2025-04-12 13:34:32,1.76
2025-04-12 13:46:16,1.76
2025-04-12 13:58:11,0.76
2025-04-12 14:32:38,0.76
2025-04-12 14:44:43,0.76
2025-04-12 14:56:33,0.76
2025-04-12 15:30:17,0.76
2025-04-12 15:43:25,0.76
2025-04-12 15:55:04,0.76
2025-04-12 16:39:58,0.76
2025-04-12 16:52:07,0.76
2025-04-12 17:32:25,1.76
2025-04-12 17:44:08,1.76
2025-04-12 17:55:49,1.76
2025-04-12 18:41:42,2.76
2025-04-12 18:53:34,2.76
2025-04-12 19:22:44,3.76
2025-04-12 19:38:10,3.76
2025-04-12 19:50:09,3.76
2025-04-12 20:30:06,4.76
2025-04-12 20:42:35,4.76
2025-04-12 20:54:25,4.76
2025-04-12 21:26:53,4.76
2025-04-12 21:39:50,4.76
2025-04-12 21:51:42,4.76
2025-04-12 22:32:41,6.76
2025-04-12 22:44:32,6.76
2025-04-12 22:56:13,6.76
2025-04-13 04:26:25,6.76
2025-04-13 05:36:15,3.76
2025-04-13 05:50:48,3.76
2025-04-13 06:44:00,6.76
2025-04-13 06:55:50,6.76
2025-04-13 07:28:10,6.76
2025-04-13 07:39:48,6.76
2025-04-13 07:51:51,6.76
2025-04-13 08:39:07,6.76
2025-04-13 08:51:21,6.76
2025-04-13 09:32:13,6.76
2025-04-13 09:44:16,6.76
2025-04-13 09:55:58,6.76
2025-04-13 10:39:24,5.76
2025-04-13 10:51:39,5.76
2025-04-13 11:23:13,5.76
2025-04-13 11:39:21,5.76
2025-04-13 11:51:19,5.76
2025-04-13 13:03:49,5.76
2025-04-13 13:43:25,5.76
2025-04-13 13:55:23,5.76
2025-04-13 14:32:32,5.76
2025-04-13 14:44:21,5.76
2025-04-13 14:56:29,5.76
2025-04-13 15:33:01,5.76
2025-04-13 15:44:53,5.76
2025-04-13 15:56:54,5.76
2025-04-13 16:44:48,4.76
2025-04-13 16:56:32,4.76
2025-04-13 17:31:20,4.76
2025-04-13 17:43:19,1.76
2025-04-13 17:55:06,1.76
2025-04-13 18:41:48,0.76
2025-04-13 18:54:01,0.76
2025-04-13 19:21:40,2.76
2025-04-13 19:37:26,2.76
2025-04-13 19:49:48,2.76
2025-04-13 20:30:39,2.76
2025-04-13 20:43:30,2.76
2025-04-13 20:55:13,2.76
2025-04-13 21:28:16,3.76
2025-04-13 21:40:26,3.76
2025-04-13 21:52:33,3.76
2025-04-13 22:34:33,3.76
2025-04-13 22:46:31,3.76
2025-04-13 22:58:28,3.76
2025-04-13 23:32:00,4.76
2025-04-13 23:45:23,4.76
2025-04-13 23:57:12,4.76
2025-04-14 03:15:36,5.76
2025-04-14 03:56:34,6.76
2025-04-14 04:42:28,5.76
2025-04-14 04:54:23,5.76
2025-04-14 05:38:43,6.76
2025-04-14 05:50:41,6.76
2025-04-14 06:50:18,5.76
2025-04-14 07:31:12,5.76
2025-04-14 07:43:15,5.76
2025-04-14 07:55:23,5.76
2025-04-14 08:48:39,5.76
2025-04-14 09:38:00,5.76
2025-04-14 09:49:45,5.76
2025-04-14 10:42:41,5.76
2025-04-14 10:54:34,5.76
2025-04-14 11:26:50,5.76
2025-04-14 11:40:18,5.76
2025-04-14 11:52:10,5.76
2025-04-14 13:36:20,4.76
2025-04-14 13:51:32,4.76
2025-04-14 14:41:46,3.76
2025-04-14 14:53:57,3.76
2025-04-14 15:34:15,6.11
2025-04-14 15:47:50,3.76
2025-04-14 15:59:34,3.76
2025-04-14 16:49:51,2.76
2025-04-14 17:32:46,1.76
2025-04-14 17:44:26,1.76
2025-04-14 17:56:31,1.76
2025-04-14 18:49:09,0.76
2025-04-14 19:23:47,4.89
2025-04-14 19:39:56,-0.24
2025-04-14 19:52:00,-0.24
2025-04-14 20:37:34,-1.24
2025-04-14 20:49:14,-1.24
2025-04-14 21:29:04,0.76
2025-04-14 21:42:34,0.76
2025-04-14 21:54:25,0.76
2025-04-14 22:37:59,1.76
2025-04-14 22:49:49,1.76
2025-04-14 23:28:45,5.76
2025-04-14 23:43:08,5.76
2025-04-14 23:54:53,5.76
2025-04-15 03:14:33,11.76
2025-04-15 03:54:44,12.76
2025-04-15 04:41:57,12.76
2025-04-15 04:55:25,12.76
2025-04-15 05:38:21,13.76
2025-04-15 05:50:12,13.76
2025-04-15 06:48:31,12.76
2025-04-15 07:33:19,12.76
2025-04-15 07:45:27,12.76
2025-04-15 07:57:16,12.76
2025-04-15 08:50:20,11.76
2025-04-15 09:35:46,9.76
2025-04-15 09:47:49,9.76
2025-04-15 09:59:53,9.76
2025-04-15 10:45:52,8.76
2025-04-15 10:57:37,8.76
2025-04-15 11:27:58,7.76
2025-04-15 11:43:01,7.76
2025-04-15 11:54:47,7.76
2025-04-15 13:36:26,6.76
2025-04-15 13:52:29,6.76
2025-04-15 14:41:43,6.76
2025-04-15 14:53:32,6.76
2025-04-15 15:37:44,6.76
2025-04-15 15:50:07,6.76
2025-04-15 16:43:57,5.76
2025-04-15 16:56:11,5.76
2025-04-15 17:35:40,3.76
2025-04-15 17:47:33,3.76
2025-04-15 17:59:15,3.76
2025-04-15 18:47:55,5.76
2025-04-15 18:59:53,5.76
2025-04-15 19:25:33,7.45
2025-04-15 19:39:41,4.76
2025-04-15 19:51:26,4.76
2025-04-15 20:35:26,5.76
2025-04-15 20:48:52,5.76
2025-04-15 21:28:58,5.76
2025-04-15 21:42:15,5.76
2025-04-15 21:53:57,5.76
2025-04-15 22:37:42,6.76
2025-04-15 22:49:28,6.76
2025-04-15 23:29:04,9.76
2025-04-15 23:42:41,9.76
2025-04-15 23:54:49,9.76
2025-04-16 03:13:16,14.76
2025-04-16 03:54:35,17.76
2025-04-16 04:41:42,19.76
2025-04-16 04:55:04,19.76
2025-04-16 05:38:37,21.76
2025-04-16 05:50:36,21.76
2025-04-16 06:48:40,20.76
2025-04-16 07:29:56,21.76
2025-04-16 07:42:40,21.76
2025-04-16 07:54:43,21.76
2025-04-16 08:49:38,20.76
2025-04-16 09:38:05,19.76
2025-04-16 09:50:00,19.76
2025-04-16 10:42:35,18.76
2025-04-16 10:54:32,18.76
2025-04-16 11:27:10,17.76
2025-04-16 11:41:04,17.76
2025-04-16 11:53:25,17.76
2025-04-16 13:35:01,15.76
2025-04-16 13:50:51,15.76
2025-04-16 14:38:58,15.76
2025-04-16 14:50:49,15.76
2025-04-16 15:38:24,14.76
2025-04-16 15:50:15,14.76
2025-04-16 16:48:52,15.76
2025-04-16 17:32:21,15.76
2025-04-16 17:45:11,15.76
2025-04-16 17:57:07,15.76
2025-04-16 18:49:25,13.76
2025-04-16 19:20:53,13.76
2025-04-16 19:38:21,13.76
2025-04-16 19:50:28,13.76
2025-04-16 20:36:31,14.76
2025-04-16 20:49:09,14.76
2025-04-16 21:29:42,13.05
2025-04-16 21:42:56,12.76
2025-04-16 21:54:57,12.76
2025-04-16 22:38:45,15.76
2025-04-16 22:50:26,15.76
2025-04-16 23:28:43,17.76
2025-04-16 23:44:39,17.76
2025-04-16 23:56:23,17.76
2025-04-17 03:12:13,20.76
2025-04-17 03:54:11,22.76
2025-04-17 04:43:09,22.76
2025-04-17 04:55:25,22.76
2025-04-17 05:38:13,22.76
2025-04-17 05:49:52,22.76
2025-04-17 06:48:13,23.76
2025-04-17 07:00:00,23.76
2025-04-17 07:33:39,21.76
2025-04-17 07:46:00,21.76
2025-04-17 07:57:52,21.76
2025-04-17 08:48:39,19.76
2025-04-17 09:33:49,18.76
2025-04-17 09:45:30,18.76
2025-04-17 09:57:24,18.76
2025-04-17 10:42:24,17.76
2025-04-17 10:54:28,17.76
2025-04-17 11:26:27,18.76
2025-04-17 11:41:29,18.76
2025-04-17 11:53:38,18.76
2025-04-17 13:33:52,16.76
2025-04-17 13:49:20,16.76
2025-04-17 14:38:39,15.76
2025-04-17 14:50:34,15.76
2025-04-17 15:34:08,14.76
2025-04-17 15:46:51,14.76
2025-04-17 15:58:43,14.76
2025-04-17 16:49:12,16.76
2025-04-17 17:33:51,16.76
2025-04-17 17:45:34,16.76
2025-04-17 17:57:16,16.76
2025-04-17 18:48:29,15.76
2025-04-17 19:00:11,15.76
2025-04-17 19:25:16,15.76
2025-04-17 19:40:19,15.76
2025-04-17 19:52:17,14.76
2025-04-17 20:34:18,14.76
2025-04-17 20:47:46,14.76
2025-04-17 20:59:36,14.76
2025-04-17 21:30:02,14.76
2025-04-17 21:43:03,14.76
2025-04-17 21:55:02,14.76
2025-04-17 22:36:56,15.76
2025-04-17 22:49:04,15.76
2025-04-17 23:28:57,13.76
2025-04-17 23:43:11,13.76
2025-04-17 23:55:15,13.76
2025-04-18 03:09:08,16.76
2025-04-18 03:52:04,18.76
2025-04-18 04:41:41,20.76
2025-04-18 04:54:32,20.76
2025-04-18 05:37:43,21.76
2025-04-18 05:49:28,21.76
2025-04-18 06:47:35,22.76
2025-04-18 06:59:24,22.76
2025-04-18 07:32:21,22.76
2025-04-18 07:44:18,22.76
2025-04-18 07:55:59,22.76
2025-04-18 08:44:29,21.76
2025-04-18 08:56:09,21.76
2025-04-18 09:35:41,20.76
2025-04-18 09:47:25,20.76
2025-04-18 09:59:09,20.76
2025-04-18 10:44:56,16.76
2025-04-18 10:56:32,16.76
2025-04-18 11:25:42,14.76
2025-04-18 11:41:37,14.76
2025-04-18 11:53:39,14.76
2025-04-18 13:15:35,13.76
2025-04-18 13:43:00,13.76
2025-04-18 13:55:05,13.76
2025-04-18 14:37:06,12.76
2025-04-18 14:49:25,12.76
2025-04-18 15:32:20,14.76
2025-04-18 15:45:08,14.76
2025-04-18 15:56:53,14.76
2025-04-18 16:43:37,14.76
2025-04-18 16:55:57,14.76
2025-04-18 17:32:31,15.76
2025-04-18 17:44:14,15.76
2025-04-18 17:56:05,15.76
2025-04-18 18:45:47,15.76
2025-04-18 18:57:32,15.76
2025-04-18 19:23:48,14.76
2025-04-18 19:39:50,14.76
2025-04-18 19:51:29,14.76
2025-04-18 20:32:12,14.76
2025-04-18 20:45:21,14.76
2025-04-18 20:57:34,14.76
2025-04-18 21:30:24,14.76
2025-04-18 21:42:13,14.76
2025-04-18 21:54:03,14.76
2025-04-18 22:38:06,15.76
2025-04-18 22:49:53,15.76
2025-04-18 23:29:54,16.76
2025-04-18 23:42:06,16.76
2025-04-18 23:54:15,16.76
2025-04-19 03:04:26,18.76
2025-04-19 03:49:07,17.76
2025-04-19 04:38:44,18.76
2025-04-19 04:50:47,18.76
2025-04-19 05:36:26,12.76
2025-04-19 05:48:06,12.76
2025-04-19 05:59:59,12.76
2025-04-19 06:46:37,14.76
2025-04-19 06:58:07,14.76
2025-04-19 07:26:50,13.76
2025-04-19 07:39:11,13.76
2025-04-19 07:51:07,13.76
2025-04-19 08:37:44,11.76
2025-04-19 08:50:23,11.76
2025-04-19 09:29:14,10.76
2025-04-19 09:41:15,10.76
2025-04-19 09:52:58,10.76
2025-04-19 10:37:07,10.76
2025-04-19 10:48:48,10.76
2025-04-19 11:23:17,10.76
2025-04-19 11:38:02,10.76
2025-04-19 11:49:40,10.76
2025-04-19 13:02:09,11.76
2025-04-19 13:37:00,11.76
2025-04-19 13:49:04,11.76
2025-04-19 14:32:02,11.76
2025-04-19 14:43:53,11.76
2025-04-19 14:55:31,11.76
2025-04-19 15:30:38,9.76
2025-04-19 15:42:35,9.76
2025-04-19 15:54:52,9.76
2025-04-19 16:41:26,9.76
2025-04-19 16:53:05,9.76
2025-04-19 17:31:20,8.76
2025-04-19 17:43:15,8.76
2025-04-19 17:55:07,8.76
2025-04-19 18:40:58,9.76
2025-04-19 18:52:45,9.76
2025-04-19 19:23:07,9.76
2025-04-19 19:37:53,9.76
2025-04-19 19:49:39,9.76
2025-04-19 20:31:39,8.76
2025-04-19 20:44:05,8.76
2025-04-19 20:55:50,8.76
2025-04-19 21:29:09,8.76
2025-04-19 21:40:57,8.76
2025-04-19 21:52:33,8.76
2025-04-19 22:34:03,8.76
2025-04-19 22:46:00,8.76
2025-04-19 22:57:50,8.76
2025-04-19 23:31:05,9.76
2025-04-19 23:43:03,9.76
2025-04-19 23:55:08,9.76
2025-04-20 03:15:18,18.76
2025-04-20 03:55:46,18.76
2025-04-20 04:39:26,20.76
2025-04-20 04:51:46,20.76
2025-04-20 05:35:56,21.76
2025-04-20 05:47:49,21.76
2025-04-20 05:59:35,21.76
2025-04-20 06:46:35,22.76
2025-04-20 06:58:35,22.76
2025-04-20 07:30:04,22.76
2025-04-20 07:42:08,22.76
2025-04-20 07:53:51,22.76
2025-04-20 08:37:52,22.76
2025-04-20 08:49:49,22.76
2025-04-20 09:28:48,19.76
2025-04-20 09:42:28,19.76
2025-04-20 09:54:33,19.76
2025-04-20 10:39:58,17.76
2025-04-20 10:51:38,17.76
2025-04-20 11:24:02,16.76
2025-04-20 11:39:47,16.76
2025-04-20 11:51:52,16.76
2025-04-20 13:05:11,14.76
2025-04-20 13:40:33,13.76
2025-04-20 13:52:22,13.76
2025-04-20 14:33:56,12.76
2025-04-20 14:46:08,12.76
2025-04-20 14:57:57,12.76
2025-04-20 15:31:26,12.76
2025-04-20 15:44:07,12.76
2025-04-20 15:55:52,12.76
2025-04-20 16:41:20,11.76
2025-04-20 16:53:09,11.76
2025-04-20 17:32:21,11.76
2025-04-20 17:44:28,11.76
2025-04-20 17:56:06,11.76
2025-04-20 18:45:31,10.76
2025-04-20 18:57:24,10.76
2025-04-20 19:23:58,11.76
2025-04-20 19:39:12,11.76
2025-04-20 19:51:24,11.76
2025-04-20 20:31:25,10.76
2025-04-20 20:45:14,10.76
2025-04-20 20:57:17,10.76
2025-04-20 21:28:37,10.76
2025-04-20 21:41:37,10.76
2025-04-20 21:53:42,10.76
2025-04-20 22:37:34,13.76
2025-04-20 22:49:30,13.76
2025-04-20 23:27:33,17.76
2025-04-20 23:41:16,17.76
2025-04-20 23:53:15,17.76
2025-04-21 03:28:35,22.76
2025-04-21 04:00:10,22.76
2025-04-21 04:44:39,24.76
2025-04-21 04:56:42,24.76
2025-04-21 05:42:50,25.76
2025-04-21 05:54:34,25.76
2025-04-21 06:51:46,24.76
2025-04-21 07:30:45,25.76
2025-04-21 07:42:37,25.76
2025-04-21 07:54:40,25.76
2025-04-21 08:48:06,24.76
2025-04-21 08:59:51,24.76
2025-04-21 09:36:25,22.76
2025-04-21 09:48:34,22.76
2025-04-21 10:43:21,21.76
2025-04-21 10:55:04,21.76
2025-04-21 11:27:00,20.76
2025-04-21 11:40:45,20.76
2025-04-21 11:52:38,20.76
2025-04-21 13:17:23,17.76
2025-04-21 13:45:23,17.76
2025-04-21 13:57:08,17.76
2025-04-21 14:38:38,17.76
2025-04-21 14:50:39,17.76
2025-04-21 15:34:24,17.76
2025-04-21 15:46:49,17.76
2025-04-21 15:58:45,17.76
2025-04-21 16:48:39,17.76
2025-04-21 17:34:10,17.76
2025-04-21 17:45:58,17.76
2025-04-21 17:57:42,17.76
2025-04-21 18:49:11,17.76
2025-04-21 19:24:52,17.76
2025-04-21 19:39:21,17.76
2025-04-21 19:51:17,17.76
2025-04-21 20:33:37,16.76
2025-04-21 20:46:08,16.76
2025-04-21 20:58:03,16.76
2025-04-21 21:30:49,16.76
2025-04-21 21:43:51,16.76
2025-04-21 21:55:34,16.76
2025-04-21 22:37:51,16.76
2025-04-21 22:49:58,16.76
2025-04-21 23:29:04,17.76
2025-04-21 23:44:15,17.76
2025-04-21 23:56:00,17.76
2025-04-22 03:12:24,17.76
2025-04-22 03:55:48,15.76
2025-04-22 04:45:15,15.76
2025-04-22 04:56:50,15.76
2025-04-22 05:39:29,15.76
2025-04-22 05:51:08,15.76
2025-04-22 06:48:39,16.76
2025-04-22 07:31:02,16.76
2025-04-22 07:43:08,16.76
2025-04-22 07:55:03,16.76
2025-04-22 08:48:17,16.76
2025-04-22 09:00:01,16.76
2025-04-22 09:37:42,16.76
2025-04-22 09:49:43,16.76
2025-04-22 10:40:55,16.76
2025-04-22 10:52:41,16.76
2025-04-22 11:28:32,16.76
2025-04-22 11:41:21,16.76
2025-04-22 11:53:05,16.76
2025-04-22 13:35:05,14.76
2025-04-22 13:51:13,14.76
2025-04-22 14:41:00,14.76
2025-04-22 14:53:03,14.76
2025-04-22 15:36:58,13.76
2025-04-22 15:49:12,13.76
2025-04-22 16:45:21,12.76
2025-04-22 16:57:16,12.76
2025-04-22 17:37:24,10.76
2025-04-22 17:49:37,10.76
2025-04-22 18:47:41,9.76
2025-04-22 18:59:24,9.76
2025-04-22 19:26:28,9.76
2025-04-22 19:40:45,9.76
2025-04-22 19:52:44,9.76
2025-04-22 20:37:36,9.76
2025-04-22 20:49:56,9.76
2025-04-22 21:29:59,9.76
2025-04-22 21:42:21,9.76
2025-04-22 21:54:26,9.76
2025-04-22 22:38:22,11.76
2025-04-22 22:50:30,11.76
2025-04-22 23:28:51,13.76
2025-04-22 23:43:49,13.76
2025-04-22 23:55:49,13.76
2025-04-23 03:13:16,18.76
2025-04-23 03:53:57,19.76
2025-04-23 04:46:35,21.76
2025-04-23 04:58:17,21.76
2025-04-23 05:39:07,20.76
2025-04-23 05:50:49,20.76
2025-04-23 06:48:52,20.76
2025-04-23 07:34:13,21.76
2025-04-23 07:46:14,21.76
2025-04-23 07:58:06,21.76
2025-04-23 08:50:20,20.76
2025-04-23 09:35:49,19.76
2025-04-23 09:47:56,19.76
2025-04-23 09:59:45,19.76
2025-04-23 10:46:17,16.76
2025-04-23 10:58:15,16.76
2025-04-23 11:29:19,14.76
2025-04-23 11:41:28,14.76
2025-04-23 11:53:21,14.76
2025-04-23 13:35:58,11.76
2025-04-23 13:52:01,11.76
2025-04-23 14:42:35,11.76
2025-04-23 14:54:31,11.76
2025-04-23 15:38:56,11.76
2025-04-23 15:51:26,11.76
2025-04-23 16:50:50,10.76
2025-04-23 17:36:26,9.76
2025-04-23 17:48:29,9.76
2025-04-23 18:00:23,9.76
2025-04-23 18:52:25,9.76
2025-04-23 19:25:06,9.76
2025-04-23 19:40:45,9.76
2025-04-23 19:52:46,9.76
2025-04-23 20:36:40,9.76
2025-04-23 20:49:54,9.76
2025-04-23 21:30:33,8.76
2025-04-23 21:44:06,8.76
2025-04-23 21:56:05,8.76
2025-04-23 22:39:26,10.76
2025-04-23 22:51:34,10.76
2025-04-23 23:30:28,12.76
2025-04-23 23:44:05,12.76
2025-04-23 23:55:47,12.76
2025-04-24 03:15:04,17.76
2025-04-24 03:55:31,17.76
2025-04-24 04:43:04,17.76
2025-04-24 04:54:45,17.76
2025-04-24 05:39:13,17.76
2025-04-24 05:51:19,17.76
2025-04-24 06:50:23,18.76
2025-04-24 07:31:36,17.76
2025-04-24 07:43:23,17.76
2025-04-24 07:55:33,17.76
2025-04-24 08:49:19,16.76
2025-04-24 09:35:47,15.76
2025-04-24 09:48:10,15.76
2025-04-24 10:00:07,15.76
2025-04-24 10:45:17,13.76
2025-04-24 10:57:00,13.76
2025-04-24 11:28:34,12.76
2025-04-24 11:41:24,12.76
2025-04-24 11:53:20,12.76
2025-04-24 13:36:43,10.76
2025-04-24 13:52:51,10.76
2025-04-24 14:41:08,9.76
2025-04-24 14:53:15,9.76
2025-04-24 15:38:48,9.76
2025-04-24 15:51:08,9.76
2025-04-24 16:48:04,8.76
2025-04-24 17:00:03,8.76
2025-04-24 17:32:56,7.76
2025-04-24 17:44:41,7.76
2025-04-24 17:56:21,7.76
2025-04-24 18:49:09,8.76
2025-04-24 19:25:12,7.76
2025-04-24 19:41:13,7.76
2025-04-24 19:53:02,7.76
2025-04-24 20:36:36,6.76
2025-04-24 20:50:52,6.76
2025-04-24 21:32:05,7.76
2025-04-24 21:45:24,7.76
2025-04-24 21:57:13,7.76
2025-04-24 22:40:20,9.76
2025-04-24 22:52:03,9.76
2025-04-24 23:29:37,11.76
2025-04-24 23:44:43,11.76
2025-04-24 23:56:24,11.76
2025-04-25 03:14:30,16.76
2025-04-25 03:54:27,16.76
2025-04-25 04:43:46,16.76
2025-04-25 04:55:52,16.76
2025-04-25 05:38:28,16.76
2025-04-25 05:50:04,16.76
2025-04-25 06:49:01,16.76
2025-04-25 07:29:19,16.76
2025-04-25 07:41:57,16.76
2025-04-25 07:54:05,16.76
2025-04-25 08:47:21,15.76
2025-04-25 08:59:19,15.76
2025-04-25 09:36:29,14.76
2025-04-25 09:48:47,14.76
2025-04-25 10:40:36,12.76
2025-04-25 10:52:38,12.76
2025-04-25 11:26:57,11.76
2025-04-25 11:40:34,11.76
2025-04-25 11:52:47,11.76
2025-04-25 13:19:22,10.76
2025-04-25 13:46:34,10.76
2025-04-25 13:58:23,10.76
2025-04-25 14:25:58,7.76
2025-04-25 14:43:45,7.76
2025-04-25 14:55:29,7.76
2025-04-25 15:24:04,11.66
2025-04-25 15:40:44,8.76
2025-04-25 15:52:50,8.76
2025-04-25 16:20:17,11.36
2025-04-25 16:44:10,7.76
2025-04-25 16:58:25,7.76
2025-04-25 17:23:42,5.76
2025-04-25 17:39:46,5.76
2025-04-25 17:51:50,5.76
2025-04-25 18:20:06,10.68
2025-04-25 18:44:04,6.76
2025-04-25 18:56:01,6.76
2025-04-25 19:19:06,5.76
2025-04-25 19:31:05,5.76
2025-04-25 19:43:04,5.76
2025-04-25 19:54:41,5.76
2025-04-25 20:23:08,10.05
2025-04-25 20:41:01,4.76
2025-04-25 20:52:54,4.76
2025-04-25 21:15:48,5.76
2025-04-25 21:32:05,5.76
2025-04-25 21:44:33,5.76
2025-04-25 21:56:18,5.76
2025-04-25 22:25:10,8.76
2025-04-25 22:44:16,8.76
2025-04-25 22:56:05,8.76
2025-04-25 23:21:58,11.76
2025-04-25 23:36:26,11.76
2025-04-25 23:48:24,11.76
2025-04-26 00:37:03,13.76
2025-04-26 02:14:48,15.76
2025-04-26 03:09:40,17.76
2025-04-26 03:44:04,17.76
2025-04-26 03:56:08,17.76
2025-04-26 04:27:38,17.76
2025-04-26 04:45:02,17.76
2025-04-26 04:56:46,17.76
2025-04-26 05:24:36,17.76
2025-04-26 05:41:21,17.76
2025-04-26 05:53:15,17.76
2025-04-26 06:23:07,16.76
2025-04-26 06:44:23,16.76
2025-04-26 06:56:22,16.76
2025-04-26 07:21:22,16.76
2025-04-26 07:34:16,16.76
2025-04-26 07:46:01,16.76
2025-04-26 07:57:54,16.76
2025-04-26 08:29:56,16.76
2025-04-26 08:46:31,16.76
2025-04-26 08:58:30,16.76
2025-04-26 09:24:38,14.76
2025-04-26 09:38:14,14.76
2025-04-26 09:50:22,14.76
2025-04-26 10:10:47,14.76
2025-04-26 10:33:38,13.76
2025-04-26 10:45:15,13.76
2025-04-26 10:57:16,13.76
2025-04-26 11:18:53,13.76
2025-04-26 11:30:52,13.76
2025-04-26 11:42:47,13.76
2025-04-26 11:54:49,13.76
2025-04-26 12:38:09,13.76
2025-04-26 13:04:23,13.76
2025-04-26 13:30:11,12.76
2025-04-26 13:42:54,12.76
2025-04-26 13:54:52,12.76
2025-04-26 14:17:52,13.57
2025-04-26 14:34:55,11.76
2025-04-26 14:46:50,11.76
2025-04-26 14:58:37,11.76
2025-04-26 15:24:52,8.76
2025-04-26 15:38:58,8.76
2025-04-26 15:51:10,8.76
2025-04-26 16:14:42,7.76
2025-04-26 16:38:38,7.76
2025-04-26 16:50:45,7.76
2025-04-26 17:09:25,7.76
2025-04-26 17:28:19,8.76
2025-04-26 17:40:31,8.76
2025-04-26 17:52:43,8.76
2025-04-26 18:20:10,12.42
2025-04-26 18:41:19,7.76
2025-04-26 18:53:12,7.76
2025-04-26 19:13:06,7.76
2025-04-26 19:26:38,7.76
2025-04-26 19:39:13,7.76
2025-04-26 19:51:12,7.76
2025-04-26 20:13:16,7.76
2025-04-26 20:31:25,8.76
2025-04-26 20:43:41,8.76
2025-04-26 20:55:20,8.76
2025-04-26 21:19:00,8.76
2025-04-26 21:31:15,8.76
2025-04-26 21:43:03,8.76
2025-04-26 21:54:43,8.76
2025-04-26 22:18:30,12.68
2025-04-26 22:36:19,11.76
2025-04-26 22:48:00,11.76
2025-04-26 23:00:05,11.76
2025-04-26 23:24:30,14.76
2025-04-26 23:37:50,14.76
2025-04-26 23:49:38,14.76
2025-04-27 00:53:27,16.76
2025-04-27 02:39:47,17.76
2025-04-27 03:28:29,20.63
2025-04-27 03:53:20,17.76
2025-04-27 04:20:04,21.09
2025-04-27 04:39:48,17.76
2025-04-27 04:51:33,17.76
2025-04-27 05:13:52,21.44
2025-04-27 05:33:59,18.76
2025-04-27 05:45:58,18.76
2025-04-27 05:57:56,18.76
2025-04-27 06:33:49,17.76
2025-04-27 06:49:50,17.76
2025-04-27 07:09:20,17.76
2025-04-27 07:26:44,16.76
2025-04-27 07:38:58,16.76
2025-04-27 07:51:10,16.76
2025-04-27 08:15:14,16.76
2025-04-27 08:37:08,15.76
2025-04-27 08:50:56,15.76
2025-04-27 09:12:11,15.76
2025-04-27 09:30:17,15.76
2025-04-27 09:42:22,15.76
2025-04-27 09:54:22,15.76
2025-04-27 10:20:13,14.76
2025-04-27 10:38:58,14.76
2025-04-27 10:51:02,14.76
2025-04-27 11:09:35,14.76
2025-04-27 11:25:52,13.76
2025-04-27 11:38:58,13.76
2025-04-27 11:50:52,13.76
2025-04-27 12:21:30,11.76
2025-04-27 12:57:43,11.76
2025-04-27 13:28:40,10.76
2025-04-27 13:41:21,10.76
2025-04-27 13:53:15,10.76
2025-04-27 14:14:43,11.76
2025-04-27 14:32:38,11.76
2025-04-27 14:44:32,11.76
2025-04-27 14:56:36,11.76
2025-04-27 15:24:21,10.76
2025-04-27 15:39:00,10.76
2025-04-27 15:51:07,10.76
2025-04-27 16:14:21,10.76
2025-04-27 16:38:50,9.76
2025-04-27 16:51:54,9.76
2025-04-27 17:13:08,10.76
2025-04-27 17:31:51,10.76
2025-04-27 17:44:03,10.76
2025-04-27 17:55:45,10.76
2025-04-27 18:29:40,10.76
2025-04-27 18:46:31,10.76
2025-04-27 18:58:24,10.76
2025-04-27 19:20:14,10.76
2025-04-27 19:33:00,10.76
2025-04-27 19:44:55,10.76
2025-04-27 19:56:33,10.76
2025-04-27 20:25:53,7.76
2025-04-27 20:41:13,7.76
2025-04-27 20:52:51,7.76
2025-04-27 21:14:18,7.76
2025-04-27 21:29:24,7.76
2025-04-27 21:41:19,7.76
2025-04-27 21:53:19,7.76
2025-04-27 22:16:08,11.79
2025-04-27 22:35:18,10.76
2025-04-27 22:47:12,10.76
2025-04-27 22:59:11,10.76
2025-04-27 23:26:45,12.76
2025-04-27 23:41:11,12.76
2025-04-27 23:53:05,12.76
2025-04-28 01:24:19,16.76
2025-04-28 02:56:47,17.76
2025-04-28 03:43:54,18.76
2025-04-28 03:59:55,18.76
2025-04-28 04:33:04,18.76
2025-04-28 04:50:56,18.76
2025-04-28 05:18:09,21.04
2025-04-28 05:48:19,19.76
2025-04-28 06:19:42,19.76
2025-04-28 06:51:36,19.76
2025-04-28 07:39:36,19.76
2025-04-28 08:27:43,18.76
2025-04-28 10:31:13,16.76
2025-04-28 11:27:09,14.76
2025-04-28 11:46:19,14.76
2025-04-28 11:58:02,14.76
2025-04-28 13:03:13,13.76
2025-04-28 13:46:46,11.76
2025-04-28 13:59:41,11.76
2025-04-28 14:32:32,11.76
2025-04-28 14:51:23,11.76
2025-04-28 15:15:04,11.76
2025-04-28 15:36:20,9.76
2025-04-28 15:49:06,9.76
2025-04-28 16:10:22,9.76
2025-04-28 16:38:52,10.76
2025-04-28 16:53:35,10.76
2025-04-28 17:16:02,12.82
2025-04-28 17:34:32,7.76
2025-04-28 17:46:35,7.76
2025-04-28 17:58:32,7.76
2025-04-28 18:36:04,6.76
2025-04-28 18:52:24,6.76
2025-04-28 19:12:45,6.76
2025-04-28 19:27:01,7.76
2025-04-28 19:39:41,7.76
2025-04-28 19:51:45,7.76
2025-04-28 20:15:40,11.41
2025-04-28 20:33:08,5.76
2025-04-28 20:45:12,5.76
2025-04-28 20:57:07,5.76
2025-04-28 21:22:55,11.18
2025-04-28 21:37:25,6.76
2025-04-28 21:49:17,6.76
2025-04-28 22:09:00,6.76
2025-04-28 22:33:12,8.76
2025-04-28 22:46:02,8.76
2025-04-28 22:57:53,8.76
2025-04-28 23:24:24,12.76
2025-04-28 23:38:50,12.76
2025-04-28 23:50:49,12.76
2025-04-29 01:01:00,15.76
2025-04-29 02:42:56,18.76
2025-04-29 03:29:05,18.76
2025-04-29 03:53:21,18.76
2025-04-29 04:20:38,19.76
2025-04-29 04:40:48,19.76
2025-04-29 04:52:53,19.76
2025-04-29 05:17:22,19.76
2025-04-29 05:38:11,19.76
2025-04-29 05:49:57,19.76
2025-04-29 06:16:16,19.76
2025-04-29 06:45:00,19.76
2025-04-29 06:56:46,19.76
2025-04-29 07:25:59,21.65
2025-04-29 07:41:09,19.76
2025-04-29 07:53:14,19.76
2025-04-29 08:25:00,18.76
2025-04-29 08:49:03,18.76
2025-04-29 09:10:04,16.76
2025-04-29 09:33:54,16.76
2025-04-29 09:48:11,16.76
2025-04-29 10:00:01,16.76
2025-04-29 10:32:39,14.76
2025-04-29 10:49:49,14.76
2025-04-29 11:09:14,14.76
2025-04-29 11:27:10,13.76
2025-04-29 11:41:04,13.76
2025-04-29 11:53:11,13.76
2025-04-29 12:38:06,11.76
2025-04-29 13:20:55,15.18
2025-04-29 13:48:11,9.76
2025-04-29 13:59:55,9.76
2025-04-29 14:29:46,10.76
2025-04-29 14:47:45,10.76
2025-04-29 14:59:24,10.76
2025-04-29 15:29:10,11.76
2025-04-29 15:45:36,11.76
2025-04-29 15:57:24,11.76
2025-04-29 16:32:35,8.76
2025-04-29 16:51:16,8.76
2025-04-29 17:12:38,8.76
2025-04-29 17:33:11,9.76
2025-04-29 17:45:10,9.76
2025-04-29 17:57:08,9.76
2025-04-29 18:34:07,10.76
2025-04-29 18:51:23,10.76
2025-04-29 19:11:20,8.76
2025-04-29 19:26:59,8.76
2025-04-29 19:39:51,8.76
2025-04-29 19:51:47,8.76
2025-04-29 20:16:32,12.83
2025-04-29 20:37:22,8.76
2025-04-29 20:51:41,8.76
2025-04-29 21:13:05,8.76
2025-04-29 21:30:44,7.76
2025-04-29 21:42:30,7.76
2025-04-29 21:54:16,7.76
2025-04-29 22:18:51,12.76
2025-04-29 22:38:34,12.76
2025-04-29 22:50:46,12.76
2025-04-29 23:11:36,15.76
2025-04-29 23:29:55,15.76
2025-04-29 23:42:57,15.76
2025-04-29 23:54:53,15.76
2025-04-30 01:47:27,20.76
2025-04-30 03:00:16,22.76
2025-04-30 03:40:59,22.76
2025-04-30 03:56:45,22.76
2025-04-30 04:30:11,24.76
2025-04-30 04:49:02,24.76
2025-04-30 05:09:28,24.76
2025-04-30 05:33:08,24.76
2025-04-30 05:46:06,24.76
2025-04-30 05:57:51,24.76
2025-04-30 06:36:40,24.76
2025-04-30 06:55:06,24.76
2025-04-30 07:21:30,26.16
2025-04-30 07:36:34,24.76
2025-04-30 07:48:33,24.76
2025-04-30 08:11:08,25.35
2025-04-30 08:41:04,23.76
2025-04-30 08:56:00,23.76
2025-04-30 09:26:14,22.76
2025-04-30 09:43:06,22.76
2025-04-30 09:54:55,22.76
2025-04-30 10:23:24,20.76
2025-04-30 10:43:47,20.76
2025-04-30 10:55:32,20.76
2025-04-30 11:19:01,19.58
2025-04-30 11:31:03,19.76
2025-04-30 11:42:54,19.76
2025-04-30 11:54:53,19.76
2025-04-30 12:42:20,17.76
2025-04-30 13:17:30,18.51
2025-04-30 13:41:27,17.76
2025-04-30 13:53:28,17.76
2025-04-30 14:17:59,17.76
2025-04-30 14:39:53,16.76
2025-04-30 14:51:49,16.76
2025-04-30 15:15:56,17.12
2025-04-30 15:36:43,16.76
2025-04-30 15:49:17,16.76
2025-04-30 16:11:28,16.74
2025-04-30 16:41:55,14.76
2025-04-30 16:56:17,14.76
2025-04-30 17:21:57,12.76
2025-04-30 17:38:31,12.76
2025-04-30 17:50:29,12.76
2025-04-30 18:16:26,12.76
2025-04-30 18:43:42,11.76
2025-04-30 18:56:02,11.76
2025-04-30 19:18:52,15.76
2025-04-30 19:30:46,15.76
2025-04-30 19:42:46,15.76
2025-04-30 19:54:35,15.76
2025-04-30 20:23:05,14.76
2025-04-30 20:40:13,14.76
2025-04-30 20:51:56,14.76
2025-04-30 21:13:31,14.76
2025-04-30 21:31:45,13.76
2025-04-30 21:43:56,13.76
2025-04-30 21:55:53,13.76
2025-04-30 22:23:10,16.76
2025-04-30 22:40:57,16.76
2025-04-30 22:52:54,16.76
2025-04-30 23:16:06,16.76
2025-04-30 23:31:55,16.76
2025-04-30 23:44:16,16.76
2025-04-30 23:56:05,16.76
2025-05-01 02:07:11,12.76
2025-05-01 03:20:30,12.76
2025-05-01 03:56:25,13.76
2025-05-01 04:31:02,13.76
2025-05-01 04:50:00,13.76
2025-05-01 05:11:46,14.76
2025-05-01 05:35:13,14.76
2025-05-01 05:47:38,14.76
2025-05-01 05:59:21,14.76
2025-05-01 06:37:45,13.76
2025-05-01 06:53:54,13.76
2025-05-01 07:19:37,13.76
2025-05-01 07:34:45,13.76
2025-05-01 07:46:50,13.76
2025-05-01 07:58:34,13.76
2025-05-01 08:33:22,13.76
2025-05-01 08:51:36,13.76
2025-05-01 09:15:10,13.76
2025-05-01 09:34:12,13.76
2025-05-01 09:46:27,13.76
2025-05-01 09:58:27,13.76
2025-05-01 10:29:50,12.76
2025-05-01 10:47:06,12.76
2025-05-01 10:58:57,12.76
2025-05-01 11:21:44,12.76
2025-05-01 11:35:07,12.76
2025-05-01 11:47:10,12.76
2025-05-01 11:59:10,12.76
2025-05-01 12:51:37,11.76
2025-05-01 13:23:13,11.76
2025-05-01 13:42:55,11.76
2025-05-01 13:55:01,11.76
2025-05-01 14:19:32,10.08
2025-05-01 14:38:06,11.76
2025-05-01 14:50:00,11.76
2025-05-01 15:10:47,10.91
2025-05-01 15:32:11,9.76
2025-05-01 15:46:00,9.76
2025-05-01 15:58:00,9.76
2025-05-01 16:32:35,9.76
2025-05-01 16:51:05,9.76
2025-05-01 17:12:03,9.76
2025-05-01 17:32:42,9.76
2025-05-01 17:44:32,9.76
2025-05-01 17:56:35,9.76
2025-05-01 18:34:52,8.76
2025-05-01 18:52:21,8.76
2025-05-01 19:12:35,8.76
2025-05-01 19:27:02,8.76
2025-05-01 19:39:59,8.76
2025-05-01 19:51:55,8.76
2025-05-01 20:15:09,8.76
2025-05-01 20:34:05,6.76
2025-05-01 20:46:46,6.76
2025-05-01 20:58:25,6.76
2025-05-01 21:23:23,9.96
2025-05-01 21:37:04,7.76
2025-05-01 21:49:05,7.76
2025-05-01 22:08:35,7.76
2025-05-01 22:33:10,9.76
2025-05-01 22:46:15,9.76
2025-05-01 22:58:12,9.76
2025-05-01 23:24:49,11.76
2025-05-01 23:39:57,11.76
2025-05-01 23:51:40,11.76
2025-05-02 01:10:26,12.76
2025-05-02 02:46:35,16.76
2025-05-02 03:32:38,16.76
2025-05-02 03:56:12,16.76
2025-05-02 04:28:39,16.76
2025-05-02 04:47:07,16.76
2025-05-02 04:59:00,16.76
2025-05-02 05:27:58,16.76
2025-05-02 05:44:20,16.76
2025-05-02 05:56:18,16.76
2025-05-02 06:35:26,17.76
2025-05-02 06:52:48,17.76
2025-05-02 07:16:47,17.76
2025-05-02 07:32:24,17.76
2025-05-02 07:44:15,17.76
2025-05-02 07:56:01,17.76
2025-05-02 08:31:32,15.76
2025-05-02 08:50:51,15.76
2025-05-02 09:13:23,15.76
2025-05-02 09:32:57,14.76
2025-05-02 09:45:07,14.76
2025-05-02 09:57:06,14.76
2025-05-02 10:27:41,13.76
2025-05-02 10:45:52,13.76
2025-05-02 10:57:54,13.76
2025-05-02 11:21:31,12.76
2025-05-02 11:35:48,12.76
2025-05-02 11:47:55,12.76
2025-05-02 11:59:37,12.76
2025-05-02 12:52:15,12.76
2025-05-02 13:25:10,12.76
2025-05-02 13:44:25,12.76
2025-05-02 13:56:10,12.76
2025-05-02 14:23:28,12.76
2025-05-02 14:42:04,12.76
2025-05-02 14:54:01,12.76
2025-05-02 15:19:59,12.76
2025-05-02 15:37:54,12.76
2025-05-02 15:49:56,12.76
2025-05-02 16:12:57,12.76
2025-05-02 16:41:41,12.76
2025-05-02 16:55:33,12.76
2025-05-02 17:20:05,9.82
2025-05-02 17:37:45,10.76
2025-05-02 17:49:36,10.76
2025-05-02 18:13:42,10.76
2025-05-02 18:42:11,10.76
2025-05-02 18:54:52,10.76
2025-05-02 19:17:16,9.76
2025-05-02 19:29:14,9.76
2025-05-02 19:41:22,9.76
2025-05-02 19:53:16,9.76
2025-05-02 20:19:48,8.76
2025-05-02 20:37:59,8.76
2025-05-02 20:50:08,8.76
2025-05-02 21:09:58,8.76
2025-05-02 21:29:01,8.76
2025-05-02 21:42:31,8.76
2025-05-02 21:54:08,8.76
2025-05-02 22:19:01,10.12
2025-05-02 22:39:36,8.76
2025-05-02 22:51:45,8.76
2025-05-02 23:13:31,8.76
2025-05-02 23:30:41,9.76
2025-05-02 23:43:13,9.76
2025-05-02 23:55:18,9.76
2025-05-03 01:49:10,9.76
2025-05-03 02:58:03,10.76
2025-05-03 03:38:51,10.76
2025-05-03 03:55:50,10.76
2025-05-03 04:27:08,12.76
2025-05-03 04:46:15,12.76
2025-05-03 04:58:10,12.76
2025-05-03 05:26:58,13.76
2025-05-03 05:42:58,13.76
2025-05-03 05:55:06,13.76
2025-05-03 06:28:58,12.76
2025-05-03 06:47:52,12.76
2025-05-03 06:59:46,12.76
2025-05-03 07:23:30,13.76
2025-05-03 07:36:51,13.76
2025-05-03 07:48:57,13.76
2025-05-03 08:10:10,12.51
2025-05-03 08:34:40,13.76
2025-05-03 08:49:38,13.76
2025-05-03 09:09:24,13.76
2025-05-03 09:28:59,12.76
2025-05-03 09:41:40,12.76
2025-05-03 09:53:40,12.76
2025-05-03 10:18:05,13.39
2025-05-03 10:38:08,11.76
2025-05-03 10:50:08,11.76
2025-05-03 11:08:34,11.76
2025-05-03 11:25:30,10.76
2025-05-03 11:38:21,10.76
2025-05-03 11:50:21,10.76
2025-05-03 12:20:03,10.76
2025-05-03 12:57:18,10.76
2025-05-03 13:29:28,9.76
2025-05-03 13:42:36,9.76
2025-05-03 13:54:36,9.76
2025-05-03 14:17:56,10.25
2025-05-03 14:35:58,9.76
2025-05-03 14:48:04,9.76
2025-05-03 14:59:48,9.76
2025-05-03 15:25:16,10.04
2025-05-03 15:39:42,9.76
2025-05-03 15:51:48,9.76
2025-05-03 16:16:13,9.79
2025-05-03 16:40:07,8.76
2025-05-03 16:52:10,8.76
2025-05-03 17:12:16,9.54
2025-05-03 17:30:43,6.76
2025-05-03 17:42:23,6.76
2025-05-03 17:54:25,6.76
2025-05-03 18:26:34,5.76
2025-05-03 18:46:15,5.76
2025-05-03 18:58:09,5.76
2025-05-03 19:18:51,9
2025-05-03 19:30:47,5.76
2025-05-03 19:42:36,5.76
2025-05-03 19:54:28,5.76
2025-05-03 20:20:40,4.76
2025-05-03 20:36:58,4.76
2025-05-03 20:48:53,4.76
2025-05-03 21:07:05,4.76
2025-05-03 21:26:39,4.76
2025-05-03 21:39:44,4.76
2025-05-03 21:51:43,4.76
2025-05-03 22:12:57,9.76
2025-05-03 22:34:08,9.76
2025-05-03 22:46:23,9.76
2025-05-03 22:58:07,9.76
2025-05-03 23:23:32,12.43
2025-05-03 23:37:19,12.76
2025-05-03 23:49:14,12.76
2025-05-04 00:51:44,14.76
2025-05-04 02:44:07,17.76
2025-05-04 03:36:23,18.76
2025-05-04 04:00:48,18.76
2025-05-04 04:32:40,18.76
2025-05-04 04:48:23,18.76
2025-05-04 05:00:09,18.76
2025-05-04 05:27:45,19.76
2025-05-04 05:43:39,19.76
2025-05-04 05:55:25,19.76
2025-05-04 06:30:49,18.76
2025-05-04 06:49:26,18.76
2025-05-04 07:08:48,18.76
2025-05-04 07:26:55,17.76
2025-05-04 07:39:02,17.76
2025-05-04 07:50:55,17.76
2025-05-04 08:15:15,17.76
2025-05-04 08:38:20,17.76
2025-05-04 08:50:58,17.76
2025-05-04 09:12:36,16.76
2025-05-04 09:30:51,16.76
2025-05-04 09:42:51,16.76
2025-05-04 09:54:51,16.76
2025-05-04 10:20:54,14.76
2025-05-04 10:39:36,14.76
2025-05-04 10:51:28,14.76
2025-05-04 11:10:39,14.76
2025-05-04 11:25:54,13.76
2025-05-04 11:39:05,13.76
2025-05-04 11:51:13,13.76
2025-05-04 12:24:02,11.76
2025-05-04 13:00:45,11.76
2025-05-04 13:30:54,10.76
2025-05-04 13:43:51,10.76
2025-05-04 13:55:47,10.76
2025-05-04 14:20:09,10.76
2025-05-04 14:37:12,10.76
2025-05-04 14:49:07,10.76
2025-05-04 15:07:46,10.76
2025-05-04 15:29:00,6.76
2025-05-04 15:42:55,6.76
2025-05-04 15:54:52,6.76
2025-05-04 16:24:49,6.76
2025-05-04 16:44:37,6.76
2025-05-04 16:56:23,6.76
2025-05-04 17:20:12,7.76
2025-05-04 17:35:41,7.76
2025-05-04 17:47:23,7.76
2025-05-04 17:59:05,7.76
2025-05-04 18:33:24,7.76
2025-05-04 18:49:52,7.76
2025-05-04 19:08:29,7.76
2025-05-04 19:24:33,7.76
2025-05-04 19:37:55,7.76
2025-05-04 19:49:43,7.76
2025-05-04 20:10:29,9.76
2025-05-04 20:31:10,9.76
2025-05-04 20:44:16,9.76
2025-05-04 20:56:02,9.76
2025-05-04 21:21:14,10.6
2025-05-04 21:35:52,8.76
2025-05-04 21:47:43,8.76
2025-05-04 21:59:38,8.76
2025-05-04 22:26:34,10.76
2025-05-04 22:43:04,10.76
2025-05-04 22:55:06,10.76
2025-05-04 23:20:02,12.76
2025-05-04 23:34:20,12.76
2025-05-04 23:46:16,12.76
2025-05-04 23:58:06,12.76
2025-05-05 02:08:20,14.76
2025-05-05 03:17:36,16.97
2025-05-05 03:52:22,14.76
2025-05-05 04:20:17,14.87
2025-05-05 04:42:47,13.76
2025-05-05 04:55:24,13.76
2025-05-05 05:23:49,14.78
2025-05-05 05:42:35,12.76
2025-05-05 05:54:34,12.76
2025-05-05 06:31:26,13.76
2025-05-05 06:52:48,13.76
2025-05-05 07:17:45,13.76
2025-05-05 07:34:46,13.76
2025-05-05 07:46:53,13.76
2025-05-05 07:58:34,13.76
2025-05-05 08:35:35,13.76
2025-05-05 08:54:19,13.76
2025-05-05 09:22:20,12.76
2025-05-05 09:41:27,12.76
2025-05-05 09:53:10,12.76
2025-05-05 10:19:56,12.76
2025-05-05 10:42:39,12.76
2025-05-05 10:54:34,12.76
2025-05-05 11:17:32,11.76
2025-05-05 11:30:27,11.76
2025-05-05 11:42:35,11.76
2025-05-05 11:54:20,11.76
2025-05-05 12:41:18,12.76
2025-05-05 13:18:51,11.76
2025-05-05 13:43:01,11.76
2025-05-05 13:55:02,11.76
2025-05-05 14:22:43,10.76
2025-05-05 14:43:51,10.76
2025-05-05 14:55:57,10.76
2025-05-05 15:26:08,8.76
2025-05-05 15:43:02,8.76
2025-05-05 15:55:20,8.76
2025-05-05 16:29:45,7.76
2025-05-05 16:50:23,7.76
2025-05-05 17:10:16,10.68
2025-05-05 17:32:10,6.76
2025-05-05 17:44:46,6.76
2025-05-05 17:56:27,6.76
2025-05-05 18:32:01,6.76
2025-05-05 18:49:35,6.76
2025-05-05 19:07:21,6.76
2025-05-05 19:24:09,6.76
2025-05-05 19:37:50,6.76
2025-05-05 19:49:46,6.76
2025-05-05 20:11:40,6.76
2025-05-05 20:33:38,6.76
2025-05-05 20:47:46,6.76
2025-05-05 20:59:44,6.76
2025-05-05 21:25:23,5.76
2025-05-05 21:41:12,5.76
2025-05-05 21:53:11,5.76
2025-05-05 22:17:25,8.76
2025-05-05 22:39:02,8.76
2025-05-05 22:51:07,8.76
2025-05-05 23:12:44,8.76
2025-05-05 23:31:13,11.76
2025-05-05 23:44:42,11.76
2025-05-05 23:56:36,11.76
2025-05-06 02:03:55,15.76
2025-05-06 03:13:32,17.76
2025-05-06 03:48:21,17.76
2025-05-06 04:00:13,17.76
2025-05-06 04:32:04,17.76
2025-05-06 04:50:28,17.76
2025-05-06 05:12:35,17.76
2025-05-06 05:35:36,17.76
2025-05-06 05:48:03,17.76
2025-05-06 05:59:46,17.76
2025-05-06 06:37:33,18.76
2025-05-06 06:54:04,18.76
2025-05-06 07:20:11,18.83
2025-05-06 07:37:17,18.76
2025-05-06 07:49:27,18.76
2025-05-06 08:14:20,18.39
2025-05-06 08:42:13,17.76
2025-05-06 08:56:59,17.76
2025-05-06 09:28:06,16.76
2025-05-06 09:44:29,16.76
2025-05-06 09:56:27,16.76
2025-05-06 10:27:55,14.76
2025-05-06 10:47:12,14.76
2025-05-06 10:59:04,14.76
2025-05-06 11:22:48,13.76
2025-05-06 11:36:25,13.76
2025-05-06 11:48:09,13.76
2025-05-06 11:59:50,13.76
2025-05-06 12:55:47,11.76
2025-05-06 13:35:30,10.76
2025-05-06 13:51:25,10.76
2025-05-06 14:14:12,14.4
2025-05-06 14:40:39,11.76
2025-05-06 14:53:20,11.76
2025-05-06 15:24:32,10.76
2025-05-06 15:46:11,10.76
2025-05-06 15:58:10,10.76
2025-05-06 16:32:27,8.76
2025-05-06 16:51:18,8.76
2025-05-06 17:12:31,7.76
2025-05-06 17:33:05,7.76
2025-05-06 17:45:14,7.76
2025-05-06 17:57:08,7.76
2025-05-06 18:34:46,7.76
2025-05-06 18:51:44,7.76
2025-05-06 19:10:54,7.76
2025-05-06 19:26:14,8.76
2025-05-06 19:39:34,8.76
2025-05-06 19:51:30,8.76
2025-05-06 20:15:51,12
2025-05-06 20:36:41,6.76
2025-05-06 20:49:30,6.76
2025-05-06 21:09:07,6.76
2025-05-06 21:29:34,6.76
2025-05-06 21:42:45,6.76
2025-05-06 21:54:41,6.76
2025-05-06 22:20:27,11.76
2025-05-06 22:39:40,11.76
2025-05-06 22:51:36,11.76
2025-05-06 23:13:08,13.71
2025-05-06 23:31:17,13.76
2025-05-06 23:43:57,13.76
2025-05-06 23:55:44,13.76
2025-05-07 01:57:23,17.76
2025-05-07 03:13:15,19.76
2025-05-07 03:49:45,19.76
2025-05-07 04:13:34,19.76
2025-05-07 04:39:36,17.76
2025-05-07 04:53:55,17.76
2025-05-07 05:19:37,19.39
2025-05-07 05:39:52,19.76
2025-05-07 05:51:38,19.76
2025-05-07 06:21:13,19.29
2025-05-07 06:47:35,19.76
2025-05-07 06:59:15,19.76
2025-05-07 07:26:40,18.76
2025-05-07 07:42:18,18.76
2025-05-07 07:54:20,18.76
2025-05-07 08:28:47,17.76
2025-05-07 08:51:56,17.76
2025-05-07 09:16:38,17.82
2025-05-07 09:38:39,16.76
2025-05-07 09:50:57,16.76
2025-05-07 10:14:36,16.76
2025-05-07 10:41:44,14.76
2025-05-07 10:54:01,14.76
2025-05-07 11:17:14,15.96
2025-05-07 11:30:54,12.76
2025-05-07 11:43:14,12.76
2025-05-07 11:55:08,12.76
2025-05-07 12:48:41,12.76
2025-05-07 13:24:38,11.76
2025-05-07 13:48:53,11.76
2025-05-07 14:08:55,11.76
2025-05-07 14:36:58,10.76
2025-05-07 14:53:04,10.76
2025-05-07 15:20:21,8.76
2025-05-07 15:41:31,8.76
2025-05-07 15:54:13,8.76
2025-05-07 16:27:09,8.76
2025-05-07 16:51:44,8.76
2025-05-07 17:13:07,9.76
2025-05-07 17:34:48,9.76
2025-05-07 17:46:54,9.76
2025-05-07 17:58:57,9.76
2025-05-07 18:36:10,8.76
2025-05-07 18:53:26,8.76
2025-05-07 19:15:11,8.76
2025-05-07 19:28:59,8.76
2025-05-07 19:40:51,8.76
2025-05-07 19:52:39,8.76
2025-05-07 20:18:42,12.12
2025-05-07 20:40:51,6.76
2025-05-07 20:51:46,6.76
2025-05-07 21:13:09,6.76
2025-05-07 21:30:31,6.76
2025-05-07 21:42:44,6.76
2025-05-07 21:54:39,6.76
2025-05-07 22:20:42,10.76
2025-05-07 22:40:40,10.76
2025-05-07 22:52:23,10.76
2025-05-07 23:15:14,10.76
2025-05-07 23:33:52,14.76
2025-05-07 23:46:24,14.76
2025-05-07 23:58:02,14.76
2025-05-08 02:06:22,18.76
2025-05-08 03:16:22,21.76
2025-05-08 03:51:24,21.76
2025-05-08 04:18:09,23.76
2025-05-08 04:42:11,23.76
2025-05-08 04:55:04,23.76
2025-05-08 05:22:54,23.76
2025-05-08 05:42:10,23.76
2025-05-08 05:54:13,23.76
2025-05-08 06:30:06,24.76
2025-05-08 06:52:15,24.76
2025-05-08 07:15:42,25.14
2025-05-08 07:34:02,23.76
2025-05-08 07:45:50,23.76
2025-05-08 07:57:46,23.76
2025-05-08 08:34:37,20.76
2025-05-08 08:53:24,20.76
2025-05-08 09:19:44,18.76
2025-05-08 09:38:25,18.76
2025-05-08 09:50:13,18.76
2025-05-08 10:13:29,16.76
2025-05-08 10:40:50,16.76
2025-05-08 10:52:58,16.76
2025-05-08 11:14:49,16.76
2025-05-08 11:30:18,16.76
2025-05-08 11:42:45,16.76
2025-05-08 11:54:47,16.76
2025-05-08 12:43:52,15.76
2025-05-08 13:20:46,15.76
2025-05-08 13:41:56,15.76
2025-05-08 13:53:41,15.76
2025-05-08 14:17:13,15.76
2025-05-08 14:40:10,15.76
2025-05-08 14:51:57,15.76
2025-05-08 15:16:12,15.76
2025-05-08 15:39:05,15.76
2025-05-08 15:51:36,15.76
2025-05-08 16:18:23,17.71
2025-05-08 16:44:50,17.36
2025-05-08 16:58:41,17.36
2025-05-08 17:24:54,17.35
2025-05-08 17:40:27,17.23
2025-05-08 17:52:22,15.76
2025-05-08 18:22:45,14.76
2025-05-08 18:48:19,14.76
2025-05-08 19:00:09,14.76
2025-05-08 19:22:52,17.16
2025-05-08 19:36:24,14.76
2025-05-08 19:48:34,14.76
2025-05-08 20:00:47,14.76
2025-05-08 20:30:20,14.76
2025-05-08 20:46:46,14.76
2025-05-08 20:58:32,14.76
2025-05-08 21:24:55,15.75
2025-05-08 21:40:06,14.76
2025-05-08 21:52:08,14.76
2025-05-08 22:14:51,14.76
2025-05-08 22:37:37,14.76
2025-05-08 22:49:14,14.76
2025-05-08 23:09:47,14.76
2025-05-08 23:30:27,14.76
2025-05-08 23:44:29,14.76
2025-05-08 23:56:19,14.76
2025-05-09 02:02:32,14.76
2025-05-09 03:14:41,14.53
2025-05-09 03:49:53,15.76
2025-05-09 04:14:17,14.76
2025-05-09 04:40:32,14.76
2025-05-09 04:53:31,14.76
2025-05-09 05:18:41,13.76
2025-05-09 05:39:13,13.76
2025-05-09 05:51:03,14.76
2025-05-09 06:19:37,14.76
2025-05-09 06:46:11,14.76
2025-05-09 06:58:06,14.76
2025-05-09 07:25:52,14.76
2025-05-09 07:40:38,14.76
2025-05-09 07:52:36,14.76
2025-05-09 08:21:56,14.76
2025-05-09 08:45:08,14.76
2025-05-09 08:57:24,14.76
2025-05-09 09:27:45,14.76
2025-05-09 09:44:01,14.76
2025-05-09 09:56:16,14.76
2025-05-09 10:26:54,14.76
2025-05-09 10:45:42,14.76
2025-05-09 10:57:49,14.76
2025-05-09 11:21:35,14.76
2025-05-09 11:35:55,14.76
2025-05-09 11:47:45,14.76
2025-05-09 11:59:44,14.76
2025-05-09 12:53:04,14.76
2025-05-09 13:27:45,14.76
2025-05-09 13:46:20,14.76
2025-05-09 13:58:10,14.76
2025-05-09 14:27:00,14.76
2025-05-09 14:45:14,14.76
2025-05-09 14:57:15,14.76
2025-05-09 15:27:11,15.76
2025-05-09 15:43:31,15.76
2025-05-09 15:55:44,15.76
2025-05-09 16:29:35,14.76
2025-05-09 16:48:31,14.76
2025-05-09 17:00:32,14.76
2025-05-09 17:25:40,14.76
2025-05-09 17:41:32,14.76
2025-05-09 17:53:41,14.76
2025-05-09 18:26:34,13.52
2025-05-09 18:48:58,13.76
2025-05-09 19:06:49,13.76
2025-05-09 19:24:19,11.76
2025-05-09 19:37:26,11.76
2025-05-09 19:49:16,11.76
2025-05-09 20:10:37,11.76
2025-05-09 20:33:10,11.76
2025-05-09 20:46:33,11.76
2025-05-09 20:58:32,11.76
2025-05-09 21:24:02,12.76
2025-05-09 21:38:14,12.76
2025-05-09 21:50:06,12.76
2025-05-09 22:10:39,12.76
2025-05-09 22:33:42,11.76
2025-05-09 22:46:21,11.76
2025-05-09 22:58:01,11.76
2025-05-09 23:23:56,11.76
2025-05-09 23:38:13,11.76
2025-05-09 23:50:11,11.76
2025-05-10 00:53:34,11.76
2025-05-10 02:27:12,11.76
2025-05-10 03:25:05,11.76
2025-05-10 03:51:40,11.76
2025-05-10 04:16:30,12.76
2025-05-10 04:40:37,12.76
2025-05-10 04:53:48,12.76
2025-05-10 05:17:32,12.76
2025-05-10 05:36:25,12.76
2025-05-10 05:48:20,12.76
2025-05-10 06:00:20,12.76
2025-05-10 06:34:09,13.76
2025-05-10 06:50:10,13.76
2025-05-10 07:09:48,13.76
2025-05-10 07:27:11,12.76
2025-05-10 07:39:50,12.76
2025-05-10 07:51:59,12.76
2025-05-10 08:17:36,11.76
2025-05-10 08:39:03,11.76
2025-05-10 08:51:41,11.76
2025-05-10 09:13:33,12.76
2025-05-10 09:30:53,12.76
2025-05-10 09:42:48,12.76
2025-05-10 09:54:43,12.76
2025-05-10 10:21:08,12.76
2025-05-10 10:40:19,12.76
2025-05-10 10:52:14,12.76
2025-05-10 11:12:59,12.76
2025-05-10 11:27:50,12.76
2025-05-10 11:40:06,12.76
2025-05-10 11:52:10,12.76
2025-05-10 12:27:58,11.76
2025-05-10 13:01:59,11.76
2025-05-10 13:31:10,11.76
2025-05-10 13:44:08,11.76
2025-05-10 13:56:02,11.76
2025-05-10 14:20:26,11.76
2025-05-10 14:37:07,11.76
2025-05-10 14:48:42,11.76
2025-05-10 15:06:50,10.76
2025-05-10 15:28:43,10.76
2025-05-10 15:42:01,10.76
2025-05-10 15:54:15,10.76
2025-05-10 16:22:58,10.76
2025-05-10 16:44:53,10.76
2025-05-10 16:56:49,10.76
2025-05-10 17:20:14,12.99
2025-05-10 17:34:40,10.76
2025-05-10 17:46:45,10.76
2025-05-10 17:58:39,10.76
2025-05-10 18:32:16,11.76
2025-05-10 18:47:42,11.76
2025-05-10 18:59:40,11.76
2025-05-10 19:19:33,11.91
2025-05-10 19:32:17,11.76
2025-05-10 19:44:12,11.76
2025-05-10 19:56:16,11.76
2025-05-10 20:24:49,10.76
2025-05-10 20:40:15,10.76
2025-05-10 20:52:18,10.76
2025-05-10 21:13:02,11.17
2025-05-10 21:28:55,11.76
2025-05-10 21:40:44,11.76
2025-05-10 21:52:40,11.76
2025-05-10 22:14:20,12.76
2025-05-10 22:34:06,12.76
2025-05-10 22:46:06,12.76
2025-05-10 22:58:00,12.76
2025-05-10 23:23:00,13.76
2025-05-10 23:36:22,13.76
2025-05-10 23:48:16,13.76
2025-05-11 00:00:25,13.76
2025-05-11 02:18:13,15.76
2025-05-11 03:27:53,17.76
2025-05-11 03:56:56,17.76
2025-05-11 04:30:41,18.76
2025-05-11 04:47:42,18.76
2025-05-11 04:59:31,18.76
2025-05-11 05:26:58,19.76
2025-05-11 05:44:01,19.76
2025-05-11 05:55:41,19.76
2025-05-11 06:31:19,18.76
2025-05-11 06:49:42,18.76
2025-05-11 07:09:12,18.76
2025-05-11 07:27:45,18.76
2025-05-11 07:40:56,18.76
2025-05-11 07:52:49,18.76
2025-05-11 08:20:06,18.76
2025-05-11 08:42:09,18.76
2025-05-11 08:56:10,18.76
2025-05-11 09:23:31,17.76
2025-05-11 09:38:51,17.76
2025-05-11 09:50:49,17.76
2025-05-11 10:11:54,15.76
2025-05-11 10:34:29,15.76
2025-05-11 10:46:22,15.76
2025-05-11 10:58:04,15.76
2025-05-11 11:19:33,13.76
2025-05-11 11:31:59,13.76
2025-05-11 11:43:48,13.76
2025-05-11 11:55:55,13.76
2025-05-11 12:44:31,12.76
2025-05-11 13:13:43,14.54
2025-05-11 13:35:23,12.76
2025-05-11 13:47:22,12.76
2025-05-11 13:59:04,12.76
2025-05-11 14:25:23,11.76
2025-05-11 14:41:36,11.76
2025-05-11 14:53:38,11.76
2025-05-11 15:17:32,10.76
2025-05-11 15:34:12,10.76
2025-05-11 15:45:55,10.76
2025-05-11 15:57:53,10.76
2025-05-11 16:30:14,8.76
2025-05-11 16:47:12,8.76
2025-05-11 16:59:21,8.76
2025-05-11 17:22:11,8.76
2025-05-11 17:36:41,8.76
2025-05-11 17:48:36,8.76
2025-05-11 18:09:23,8.76
2025-05-11 18:36:51,9.76
2025-05-11 18:50:56,9.76
2025-05-11 19:09:27,9.76
2025-05-11 19:24:25,11.85
2025-05-11 19:37:29,8.76
2025-05-11 19:49:22,8.76
2025-05-11 20:09:44,8.76
2025-05-11 20:30:22,8.76
2025-05-11 20:43:18,8.76
2025-05-11 20:55:08,8.76
2025-05-11 21:19:01,8.78
2025-05-11 21:31:40,9.76
2025-05-11 21:43:28,9.76
2025-05-11 21:55:29,9.76
2025-05-11 22:20:57,11.76
2025-05-11 22:38:28,11.76
2025-05-11 22:50:07,11.76
2025-05-11 23:10:03,11.76
2025-05-11 23:28:29,13.76
2025-05-11 23:41:45,13.76
2025-05-11 23:53:51,13.76
2025-05-12 01:42:43,17.76
2025-05-12 03:06:58,19.76
2025-05-12 03:51:34,21.76
2025-05-12 04:19:07,21.76
2025-05-12 04:42:24,21.76
2025-05-12 04:54:55,21.76
2025-05-12 05:22:25,22.76
2025-05-12 05:41:43,22.76
2025-05-12 05:53:47,22.76
2025-05-12 06:29:37,22.76
2025-05-12 06:53:19,22.76
2025-05-12 07:18:35,22.76
2025-05-12 07:35:44,22.76
2025-05-12 07:47:51,22.76
2025-05-12 07:59:52,22.76
2025-05-12 08:36:16,22.76
2025-05-12 08:54:43,22.76
2025-05-12 09:25:03,21.76
2025-05-12 09:43:30,21.76
2025-05-12 09:55:30,21.76
2025-05-12 10:26:45,20.52
2025-05-12 10:47:35,18.81
2025-05-12 10:59:22,18.34
2025-05-12 11:23:46,18.34
2025-05-12 11:37:51,16.93
2025-05-12 11:49:36,16.93
2025-05-12 12:19:39,16.93
2025-05-12 13:04:31,17.45
2025-05-12 13:40:58,17
2025-05-12 13:53:09,17
2025-05-12 14:18:54,17
2025-05-12 14:42:33,16.55
2025-05-12 14:55:18,16.55
2025-05-12 15:26:59,16.55
2025-05-12 15:45:31,16.12
2025-05-12 15:57:18,16.12
2025-05-12 16:34:01,15.78
2025-05-12 16:53:39,15.78
2025-05-12 17:16:38,15.78
2025-05-12 17:36:58,15.43
2025-05-12 17:49:01,15.43
2025-05-12 18:12:39,15.43
2025-05-12 18:43:45,15.32
2025-05-12 18:57:05,15.32
2025-05-12 19:21:24,15.32
2025-05-12 19:34:50,15.32
2025-05-12 19:46:35,14.83
2025-05-12 19:58:12,14.83
2025-05-12 20:29:22,14.83
2025-05-12 20:47:19,14.78
2025-05-12 20:58:15,14.78
2025-05-12 21:24:37,14.78
2025-05-12 21:39:45,15.94
2025-05-12 21:51:36,15.94
2025-05-12 22:14:06,15.94
2025-05-12 22:37:45,15.94
2025-05-12 22:49:47,18.13
2025-05-12 23:10:02,18.13
2025-05-12 23:29:21,18.13
2025-05-12 23:42:47,19.99
2025-05-12 23:54:47,19.99
2025-05-13 01:49:37,23.61
2025-05-13 03:06:19,24.95
2025-05-13 03:49:16,25.24
2025-05-13 04:13:23,25.24
2025-05-13 04:40:37,25.24
2025-05-13 04:53:55,25.28
2025-05-13 05:19:23,25.28
2025-05-13 05:39:46,25.15
2025-05-13 05:51:47,25.15
2025-05-13 06:21:53,25.15
2025-05-13 06:48:21,24.63
2025-05-13 07:00:00,24.63
2025-05-13 07:27:25,24.63
2025-05-13 07:42:29,24.74
2025-05-13 07:54:12,24.74
2025-05-13 08:28:23,24.74
2025-05-13 08:51:38,23.67
2025-05-13 09:15:50,23.67
2025-05-13 09:37:57,23.67
2025-05-13 09:50:04,22.66
2025-05-13 10:12:32,22.66
2025-05-13 10:41:44,20.21
2025-05-13 10:54:36,20.21
2025-05-13 11:17:54,20.21
2025-05-13 11:31:41,20.21
2025-05-13 11:44:04,19.4
2025-05-13 11:56:03,19.4
2025-05-13 12:53:09,19.09
2025-05-13 13:31:25,19.09
2025-05-13 13:51:26,18.4
2025-05-13 14:15:11,18.4
2025-05-13 14:41:42,17.91
2025-05-13 14:55:03,17.91
2025-05-13 15:24:25,17.91
2025-05-13 15:43:00,17.35
2025-05-13 15:55:09,17.35
2025-05-13 16:29:28,17.35
2025-05-13 16:51:40,16.87
2025-05-13 17:13:32,16.87
2025-05-13 17:34:32,16.87
2025-05-13 17:46:41,16.33
2025-05-13 17:58:39,16.33
2025-05-13 18:36:09,16.37
2025-05-13 18:53:10,15.89
2025-05-13 19:14:18,15.89
2025-05-13 19:29:04,15.89
2025-05-13 19:40:54,15.45
2025-05-13 19:52:56,15.45
2025-05-13 20:19:23,15.45
2025-05-13 20:38:58,15.32
2025-05-13 20:51:26,15.32
2025-05-13 21:13:15,15.32
2025-05-13 21:31:39,15.32
2025-05-13 21:43:49,16.56
2025-05-13 21:55:51,16.56
2025-05-13 22:24:12,16.56
2025-05-13 22:42:48,18.71
2025-05-13 22:54:53,18.71
2025-05-13 23:20:29,18.71
2025-05-13 23:36:06,20.7
2025-05-13 23:48:07,20.7
2025-05-13 23:59:58,20.7
2025-05-14 02:06:21,23.89
2025-05-14 03:15:39,24.79
2025-05-14 03:51:04,25.21
2025-05-14 04:17:13,25.21
2025-05-14 04:41:09,25.6
2025-05-14 04:54:33,25.6
2025-05-14 05:20:55,25.6
2025-05-14 05:41:00,25.41
2025-05-14 05:52:52,25.41
2025-05-14 06:25:15,25.69
2025-05-14 06:50:32,25.14
2025-05-14 07:12:41,25.14
2025-05-14 07:31:34,24.2
2025-05-14 07:44:36,24.2
2025-05-14 07:56:40,24.2
2025-05-14 08:34:12,22.97
2025-05-14 08:53:47,22.97
2025-05-14 09:20:36,22.97
2025-05-14 09:39:28,22.97
2025-05-14 09:51:30,21.79
2025-05-14 10:15:32,21.79
2025-05-14 10:41:22,20.94
2025-05-14 10:53:24,20.94
2025-05-14 11:15:54,20.94
2025-05-14 11:30:25,20.94
2025-05-14 11:42:47,20.32
2025-05-14 11:54:48,20.32
2025-05-14 12:44:49,19.58
2025-05-14 13:21:14,19.58
2025-05-14 13:45:26,19.39
2025-05-14 13:57:14,19.39
2025-05-14 14:27:39,19.39
2025-05-14 14:45:35,19.56
2025-05-14 14:57:33,19.56
2025-05-14 15:28:55,19.56
2025-05-14 15:45:48,19.3
2025-05-14 15:57:44,19.3
2025-05-14 16:33:27,19.3
2025-05-14 16:52:40,18.21
2025-05-14 17:15:03,18.21
2025-05-14 17:35:52,18.21
2025-05-14 17:47:41,16.82
2025-05-14 17:59:40,16.82
2025-05-14 18:36:00,16.82
2025-05-14 18:52:07,16.09
2025-05-14 19:12:31,16.09
2025-05-14 19:26:28,16.09
2025-05-14 19:40:02,16.35
2025-05-14 19:52:11,16.35
2025-05-14 20:14:56,16.35
2025-05-14 20:30:48,16.35
2025-05-14 20:42:49,16.56
2025-05-14 20:54:46,16.56
2025-05-14 21:17:08,16.56
2025-05-14 21:28:49,16.56
2025-05-14 21:40:43,16.24
2025-05-14 21:52:47,16.24
2025-05-14 22:13:37,16.24
2025-05-14 22:31:08,16.24
2025-05-14 22:43:09,15.96
2025-05-14 22:54:50,15.96
2025-05-14 23:20:09,15.96
2025-05-14 23:36:10,15.68
2025-05-14 23:48:17,15.68
2025-05-15 00:00:14,16.08
2025-05-15 02:05:23,15.83
2025-05-15 03:15:39,15.88
2025-05-15 03:50:34,15.71
2025-05-15 04:15:58,15.71
2025-05-15 04:40:52,15.75
2025-05-15 04:54:23,15.75
2025-05-15 05:20:55,15.75
2025-05-15 05:40:53,16.04
2025-05-15 05:52:33,16.04
2025-05-15 06:24:43,16.04
2025-05-15 06:50:25,16.43
2025-05-15 07:12:05,18.67
2025-05-15 07:31:38,18.67
2025-05-15 07:44:04,18.53
2025-05-15 07:55:55,18.53
2025-05-15 08:32:45,18.01
2025-05-15 08:52:44,18.01
2025-05-15 09:18:20,18.01
2025-05-15 09:38:06,17.81
2025-05-15 09:50:08,17.81
2025-05-15 10:12:53,17.81
2025-05-15 10:41:38,17.22
2025-05-15 10:53:58,17.22
2025-05-15 11:17:01,17.22
2025-05-15 11:30:48,17.22
2025-05-15 11:43:05,16.85
2025-05-15 11:55:00,16.85
2025-05-15 12:46:26,16.3
2025-05-15 13:20:12,16.3
2025-05-15 13:44:34,15.93
2025-05-15 13:56:36,15.93
2025-05-15 14:27:16,15.93
2025-05-15 14:45:18,15.78
2025-05-15 14:57:11,15.78
2025-05-15 15:26:54,15.78
2025-05-15 15:43:53,15.89
2025-05-15 15:55:53,15.89
2025-05-15 16:31:41,15.89
2025-05-15 16:52:19,16.22
2025-05-15 17:14:16,16.22
2025-05-15 17:33:51,16.22
2025-05-15 17:45:52,16.32
2025-05-15 17:57:50,16.32
2025-05-15 18:37:56,16.45
2025-05-15 18:54:31,16.66
2025-05-15 19:16:44,16.66
2025-05-15 19:29:28,16.66
2025-05-15 19:41:28,16.57
2025-05-15 19:53:44,16.57
2025-05-15 20:22:03,16.57
2025-05-15 20:40:50,16.77
2025-05-15 20:52:38,16.77
2025-05-15 21:15:44,16.77
2025-05-15 21:32:45,16.77
2025-05-15 21:44:38,17.09
2025-05-15 21:56:24,17.09
2025-05-15 22:24:38,17.09
2025-05-15 22:42:43,18.09
2025-05-15 22:54:48,18.09
2025-05-15 23:20:25,18.09
2025-05-15 23:36:39,18.69
2025-05-15 23:48:40,18.69
2025-05-16 00:40:43,19.68
2025-05-16 02:25:32,20.2
2025-05-16 03:31:01,21.13
2025-05-16 03:58:31,21.89
2025-05-16 04:32:56,21.89
2025-05-16 04:49:59,21.35
2025-05-16 05:11:50,21.35
2025-05-16 05:35:59,21.35
2025-05-16 05:48:47,20.71
2025-05-16 06:12:40,20.71
2025-05-16 06:44:46,19.34
2025-05-16 06:57:43,19.34
2025-05-16 07:25:56,19.34
2025-05-16 07:41:11,18.91
2025-05-16 07:53:05,18.91
2025-05-16 08:24:12,18.91
2025-05-16 08:48:14,18.65
2025-05-16 08:59:59,18.65
2025-05-16 09:29:24,18.65
2025-05-16 09:45:22,18.41
2025-05-16 09:57:15,18.41
2025-05-16 10:29:00,18.41
2025-05-16 10:47:17,18.06
2025-05-16 10:58:58,18.06
2025-05-16 11:22:44,18.06
2025-05-16 11:36:28,17.78
2025-05-16 11:48:30,17.78
2025-05-16 12:00:19,17.78
2025-05-16 12:54:59,17.76
2025-05-16 13:32:20,17.76
2025-05-16 13:48:55,17.61
2025-05-16 14:08:44,17.61
2025-05-16 14:34:34,17.51
2025-05-16 14:49:34,17.51
2025-05-16 15:09:37,17.51
2025-05-16 15:31:39,16.79
2025-05-16 15:46:19,16.79
2025-05-16 15:58:12,16.79
2025-05-16 16:33:16,16.79
2025-05-16 16:52:54,16.44
2025-05-16 17:14:05,16.44
2025-05-16 17:33:02,16.44
2025-05-16 17:45:11,16.26
2025-05-16 17:56:58,16.26
2025-05-16 18:35:25,16.29
2025-05-16 18:52:21,16.29
2025-05-16 19:12:54,16.29
2025-05-16 19:26:03,16.29
2025-05-16 19:39:34,16.29
2025-05-16 19:51:39,16.01
2025-05-16 20:16:04,16.01
2025-05-16 20:36:06,16.17
2025-05-16 20:48:47,16.17
2025-05-16 21:07:23,16.17
2025-05-16 21:28:02,16.17
2025-05-16 21:41:19,17.34
2025-05-16 21:53:24,17.34
2025-05-16 22:17:13,17.34
2025-05-16 22:37:56,18.54
2025-05-16 22:49:51,18.54
2025-05-16 23:10:16,18.54
2025-05-16 23:29:33,18.54
2025-05-16 23:42:42,19.65
2025-05-16 23:54:52,19.65
2025-05-17 01:47:25,21.88
2025-05-17 03:00:33,22.84
2025-05-17 03:42:13,23.05
2025-05-17 03:56:54,23.05
2025-05-17 04:29:45,23.05
2025-05-17 04:46:37,23.26
2025-05-17 04:58:30,23.26
2025-05-17 05:25:47,23.26
2025-05-17 05:42:05,22.48
2025-05-17 05:54:15,22.48
2025-05-17 06:27:18,22.48
2025-05-17 06:47:45,18.54
2025-05-17 06:59:34,18.54
2025-05-17 07:23:37,18.54
2025-05-17 07:36:29,18.54
2025-05-17 07:48:14,16.59
2025-05-17 08:00:13,16.59
2025-05-17 08:31:46,16.59
2025-05-17 08:48:56,15.94
2025-05-17 09:08:16,15.94
2025-05-17 09:29:01,15.94
2025-05-17 09:42:10,15.76
2025-05-17 09:53:51,15.76
2025-05-17 10:19:18,15.76
2025-05-17 10:39:44,15.76
2025-05-17 10:51:39,15.21
2025-05-17 11:11:09,15.21
2025-05-17 11:26:16,15.21
2025-05-17 11:39:23,15.21
2025-05-17 11:51:23,14.94
2025-05-17 12:24:53,15.22
2025-05-17 13:01:01,14.93
2025-05-17 13:31:16,14.93
2025-05-17 13:43:46,14.72
2025-05-17 13:55:41,14.72
2025-05-17 14:19:56,14.72
2025-05-17 14:37:03,14.72
2025-05-17 14:48:52,13.21
2025-05-17 15:07:27,13.21
2025-05-17 15:28:50,13.21
2025-05-17 15:42:04,12.59
2025-05-17 15:54:11,12.59
2025-05-17 16:23:38,12.59
2025-05-17 16:45:58,12.18
2025-05-17 16:57:34,12.18
2025-05-17 17:21:31,12.18
2025-05-17 17:37:10,12.18
2025-05-17 17:49:16,11.75
2025-05-17 18:11:41,11.75
2025-05-17 18:40:17,11.38
2025-05-17 18:52:43,11.72
2025-05-17 19:13:14,11.72
2025-05-17 19:28:21,11.72
2025-05-17 19:40:04,11.53
2025-05-17 19:52:05,11.53
2025-05-17 20:15:40,11.53
2025-05-17 20:33:39,11.5
2025-05-17 20:45:36,11.5
2025-05-17 20:57:32,11.5
2025-05-17 21:22:40,11.5
2025-05-17 21:36:17,12.22
2025-05-17 21:48:18,12.22
2025-05-17 21:59:58,12.22
2025-05-17 22:26:10,12.22
2025-05-17 22:42:04,13.47
2025-05-17 22:54:10,13.47
2025-05-17 23:18:22,13.47
2025-05-17 23:32:01,13.47
2025-05-17 23:43:56,15.11
2025-05-17 23:55:40,15.11
2025-05-18 02:04:10,17.98
2025-05-18 03:21:06,19.61
2025-05-18 03:56:59,20.72
2025-05-18 04:33:19,20.72
2025-05-18 04:52:03,21.25
2025-05-18 05:15:00,21.25
2025-05-18 05:36:11,21.25
2025-05-18 05:48:12,20.77
2025-05-18 06:00:03,20.77
2025-05-18 06:36:23,20.77
2025-05-18 06:53:06,20.48
2025-05-18 07:15:44,20.48
2025-05-18 07:30:59,20.48
2025-05-18 07:42:52,19.61
2025-05-18 07:54:48,19.61
2025-05-18 08:25:34,19.61
2025-05-18 08:44:24,18.26
2025-05-18 08:56:02,18.26
2025-05-18 09:23:05,18.26
2025-05-18 09:37:38,17.22
2025-05-18 09:49:19,17.22
2025-05-18 10:09:11,17.22
2025-05-18 10:33:49,16.24
2025-05-18 10:46:24,16.24
2025-05-18 10:58:23,16.24
2025-05-18 11:20:12,16.24
2025-05-18 11:33:29,16.24
2025-05-18 11:45:11,15.81
2025-05-18 11:56:50,15.81
2025-05-18 12:49:01,15.27
2025-05-18 13:17:25,15.27
2025-05-18 13:37:57,14.83
2025-05-18 13:49:58,14.83
2025-05-18 14:08:56,14.83
2025-05-18 14:31:03,14.83
2025-05-18 14:43:41,14.36
2025-05-18 14:55:22,14.36
2025-05-18 15:20:57,14.36
2025-05-18 15:35:57,14.36
2025-05-18 15:47:55,13.98
2025-05-18 15:59:58,13.98
2025-05-18 16:30:54,13.98
2025-05-18 16:47:44,13.53
2025-05-18 16:59:42,13.53
2025-05-18 17:23:20,13.53
2025-05-18 17:38:12,13.19
2025-05-18 17:50:10,13.19
2025-05-18 18:14:03,13.19
2025-05-18 18:40:44,13.27
2025-05-18 18:53:05,12.79
2025-05-18 19:13:09,12.79
2025-05-18 19:26:34,12.79
2025-05-18 19:39:36,12.53
2025-05-18 19:51:42,12.53
2025-05-18 20:15:27,12.53
2025-05-18 20:34:00,12.53
2025-05-18 20:45:53,12.39
2025-05-18 20:57:46,12.39
2025-05-18 21:22:38,12.39
2025-05-18 21:35:46,12.39
2025-05-18 21:47:45,13.62
2025-05-18 21:59:26,13.62
2025-05-18 22:26:18,13.62
2025-05-18 22:43:01,13.76
2025-05-18 22:55:05,13.76
2025-05-18 23:20:11,14.76
2025-05-18 23:35:32,14.76
2025-05-18 23:47:34,14.76
2025-05-18 23:59:30,14.76
2025-05-19 02:18:15,18.76
2025-05-19 03:32:35,18.76
2025-05-19 04:02:34,18.76
2025-05-19 04:37:07,19.76
2025-05-19 04:54:42,19.76
2025-05-19 05:21:41,19.76
2025-05-19 05:41:10,19.76
2025-05-19 05:52:55,19.76
2025-05-19 06:26:49,19.76
2025-05-19 06:52:23,19.76
2025-05-19 07:16:48,19.76
2025-05-19 07:34:46,18.76
2025-05-19 07:46:41,18.76
2025-05-19 07:58:21,18.76
2025-05-19 08:36:49,17.76
2025-05-19 08:55:35,17.76
2025-05-19 09:27:24,17.76
2025-05-19 09:44:52,17.76
2025-05-19 09:56:53,17.76
2025-05-19 10:29:53,16.76
2025-05-19 10:49:04,16.76
2025-05-19 11:08:01,16.76
2025-05-19 11:27:08,16.76
2025-05-19 11:41:11,16.76
2025-05-19 11:53:16,16.76
2025-05-19 12:38:45,17.77
2025-05-19 13:20:40,17.46
2025-05-19 13:46:43,17.54
2025-05-19 13:58:37,17.54
2025-05-19 14:29:12,17.54
2025-05-19 14:48:16,17.57
2025-05-19 15:00:16,17.57
2025-05-19 15:30:02,17.57
2025-05-19 15:46:10,17.49
2025-05-19 15:58:00,17.49
2025-05-19 16:33:52,17.36
2025-05-19 16:52:49,17.36
2025-05-19 17:15:28,17.36
2025-05-19 17:35:55,17.11
2025-05-19 17:47:51,17.11
2025-05-19 17:59:42,17.11
2025-05-19 18:37:37,17.04
2025-05-19 18:54:15,17.04
2025-05-19 19:16:33,17.04
2025-05-19 19:29:28,17.04
2025-05-19 19:41:19,17.25
2025-05-19 19:53:10,17.25
2025-05-19 20:19:42,17.25
2025-05-19 20:38:55,17.31
2025-05-19 20:51:11,17.31
2025-05-19 21:12:40,17.31
2025-05-19 21:31:19,17.31
2025-05-19 21:43:26,17.42
2025-05-19 21:55:33,17.42
2025-05-19 22:22:46,17.42
2025-05-19 22:41:36,17.73
2025-05-19 22:53:31,17.73
2025-05-19 23:17:44,17.73
2025-05-19 23:33:45,17.73
2025-05-19 23:45:24,19.13
2025-05-19 23:57:08,19.13
2025-05-20 02:07:07,19.92
2025-05-20 03:17:11,20.51
2025-05-20 03:52:18,22.7
2025-05-20 04:19:53,22.7
2025-05-20 04:42:28,26.75
2025-05-20 04:55:17,26.75
2025-05-20 05:22:51,26.75
2025-05-20 05:41:56,25.43
2025-05-20 05:53:43,25.43
2025-05-20 06:28:50,25.43
2025-05-20 06:52:37,25.54
2025-05-20 07:16:45,25.54
2025-05-20 07:34:54,25.54
2025-05-20 07:46:41,26.12
2025-05-20 07:58:30,26.12
2025-05-20 08:36:23,26.12
2025-05-20 08:56:07,24.62
2025-05-20 09:27:24,24.62
2025-05-20 09:44:46,23.31
2025-05-20 09:56:40,23.31
2025-05-20 10:29:26,23.31
2025-05-20 10:48:14,22.02
2025-05-20 10:59:59,22.02
2025-05-20 11:23:42,22.02
2025-05-20 11:38:13,20.98
2025-05-20 11:49:59,20.98
2025-05-20 12:21:42,21.37
2025-05-20 13:06:35,21.28
2025-05-20 13:43:01,21.02
2025-05-20 13:56:25,21.02
2025-05-20 14:26:27,21.02
2025-05-20 14:47:23,20.93
2025-05-20 14:59:05,20.93
2025-05-20 15:30:04,20.93
2025-05-20 15:46:55,20.85
2025-05-20 15:58:56,20.85
2025-05-20 16:34:35,20.31
2025-05-20 16:53:12,20.31
2025-05-20 17:15:50,20.31
2025-05-20 17:36:33,20.31
2025-05-20 17:48:24,22.76
2025-05-20 18:00:24,22.76
2025-05-20 18:38:39,21.76
2025-05-20 18:55:30,21.76
2025-05-20 19:18:26,21.76
2025-05-20 19:30:21,21.76
2025-05-20 19:42:05,21.76
2025-05-20 19:54:09,21.76
2025-05-20 20:23:18,21.76
2025-05-20 20:41:44,21.76
2025-05-20 20:53:42,21.76
2025-05-20 21:18:00,21.76
2025-05-20 21:35:41,21.76
2025-05-20 21:47:35,21.76
2025-05-20 21:59:36,21.76
2025-05-20 22:27:57,22.76
2025-05-20 22:44:31,22.76
2025-05-20 22:56:27,22.76
2025-05-20 23:23:37,23.76
2025-05-20 23:38:38,23.76
2025-05-20 23:50:33,23.76
2025-05-21 01:00:51,24.76
2025-05-21 02:48:02,25.76
2025-05-21 03:34:41,27.76
2025-05-21 03:58:48,27.76
2025-05-21 04:32:46,28.76
2025-05-21 04:50:17,28.76
2025-05-21 05:12:24,28.76
2025-05-21 05:36:28,28.76
2025-05-21 05:49:35,28.76
2025-05-21 06:15:06,29.76
2025-05-21 06:45:53,29.76
2025-05-21 06:58:44,29.76
2025-05-21 07:26:27,27.76
2025-05-21 07:41:48,27.76
2025-05-21 07:53:51,27.76
2025-05-21 08:26:46,27.76
2025-05-21 08:50:26,27.76
2025-05-21 09:13:17,26.76
2025-05-21 09:36:07,26.76
2025-05-21 09:49:12,26.76
2025-05-21 10:10:16,26.76
2025-05-21 10:39:24,24.76
2025-05-21 10:52:25,24.76
2025-05-21 11:13:49,24.76
2025-05-21 11:29:42,22.76
2025-05-21 11:42:35,22.76
2025-05-21 11:54:42,22.76
2025-05-21 12:45:36,21.76
2025-05-21 13:22:20,20.76
2025-05-21 13:46:37,20.76
2025-05-21 13:58:26,20.76
2025-05-21 14:28:40,20.76
2025-05-21 14:47:58,20.76
2025-05-21 15:00:02,20.76
2025-05-21 15:30:41,19.76
2025-05-21 15:47:09,19.76
2025-05-21 15:58:46,19.76
2025-05-21 16:34:41,19.76
2025-05-21 16:54:09,19.76
2025-05-21 17:17:47,19.76
2025-05-21 17:37:15,19.76
2025-05-21 17:49:22,19.76
2025-05-21 18:13:51,18.76
2025-05-21 18:44:18,18.76
2025-05-21 18:57:03,18.76
2025-05-21 19:20:57,19.76
2025-05-21 19:34:39,19.76
2025-05-21 19:46:32,19.76
2025-05-21 19:58:24,19.76
2025-05-21 20:29:22,19.76
2025-05-21 20:45:27,19.76
2025-05-21 20:57:34,19.76
2025-05-21 21:24:40,19.76
2025-05-21 21:39:49,18.76
2025-05-21 21:51:56,18.76
2025-05-21 22:14:16,18.76
2025-05-21 22:37:25,18.76
2025-05-21 22:49:25,18.76
2025-05-21 23:09:28,20.76
2025-05-21 23:29:05,20.76
2025-05-21 23:43:03,20.76
2025-05-21 23:54:57,20.76
2025-05-22 01:50:36,21.76
2025-05-22 03:06:56,22.76
2025-05-22 03:49:15,24.76
2025-05-22 04:14:20,26.76
2025-05-22 04:41:24,26.76
2025-05-22 04:54:54,26.76
2025-05-22 05:22:05,27.76
2025-05-22 05:41:19,27.76
2025-05-22 05:53:17,27.76
2025-05-22 06:27:10,28.76
2025-05-22 06:51:22,28.76
2025-05-22 07:14:01,25.97
2025-05-22 07:32:00,28.76
2025-05-22 07:44:17,28.76
2025-05-22 07:55:59,28.76
2025-05-22 08:32:51,26.76
2025-05-22 08:52:45,26.76
2025-05-22 09:18:30,26.76
2025-05-22 09:38:25,26.76
2025-05-22 09:50:17,26.76
2025-05-22 10:12:53,24.76
2025-05-22 10:40:41,24.76
2025-05-22 10:53:15,24.76
2025-05-22 11:16:05,23.76
2025-05-22 11:30:42,23.76
2025-05-22 11:43:10,23.76
2025-05-22 11:55:01,23.76
2025-05-22 12:47:30,22.76
2025-05-22 13:23:00,21.76
2025-05-22 13:47:38,21.76
2025-05-22 13:59:26,21.76
2025-05-22 14:29:29,20.76
2025-05-22 14:48:11,20.76
2025-05-22 15:00:04,20.76
2025-05-22 15:29:53,21.76
2025-05-22 15:46:07,21.76
2025-05-22 15:57:57,21.76
2025-05-22 16:33:42,20.76
2025-05-22 16:52:59,20.76
2025-05-22 17:15:46,19.09
2025-05-22 17:36:06,19.76
2025-05-22 17:48:01,19.76
2025-05-22 17:59:48,19.76
2025-05-22 18:37:38,18.76
2025-05-22 18:54:19,18.76
2025-05-22 19:16:54,18.76
2025-05-22 19:29:25,18.76
2025-05-22 19:41:25,18.76
2025-05-22 19:53:21,18.76
2025-05-22 20:20:21,19.18
2025-05-22 20:39:32,18.76
2025-05-22 20:51:38,18.76
2025-05-22 21:13:39,18.76
2025-05-22 21:31:14,18.76
2025-05-22 21:43:35,18.76
2025-05-22 21:55:21,18.76
2025-05-22 22:22:49,18.76
2025-05-22 22:41:51,18.76
2025-05-22 22:53:44,18.76
2025-05-22 23:18:03,19.76
2025-05-22 23:33:59,19.76
2025-05-22 23:45:55,19.76
2025-05-22 23:57:50,19.76
2025-05-23 02:06:17,20.76
2025-05-23 03:16:32,20.71
2025-05-23 03:51:18,20.76
2025-05-23 04:17:34,20.88
2025-05-23 04:41:28,21.76
2025-05-23 04:54:15,21.76
2025-05-23 05:20:16,21.62
2025-05-23 05:40:37,22.76
2025-05-23 05:52:30,22.76
2025-05-23 06:23:48,20.76
2025-05-23 06:49:19,20.76
2025-05-23 07:09:46,20.76
2025-05-23 07:30:28,21.76
2025-05-23 07:43:32,21.76
2025-05-23 07:55:17,21.76
2025-05-23 08:30:55,21.76
2025-05-23 08:51:45,21.76
2025-05-23 09:15:49,21.8
2025-05-23 09:37:11,20.76
2025-05-23 09:49:15,20.76
2025-05-23 10:10:28,20.76
2025-05-23 10:38:47,19.76
2025-05-23 10:51:51,19.76
2025-05-23 11:12:43,19.76
2025-05-23 11:28:56,18.76
2025-05-23 11:41:57,18.76
2025-05-23 11:53:40,18.76
2025-05-23 12:38:25,16.76
2025-05-23 13:17:55,15.76
2025-05-23 13:42:34,15.76
2025-05-23 13:54:36,15.76
2025-05-23 14:20:16,15.76
2025-05-23 14:41:00,15.76
2025-05-23 14:52:54,15.76
2025-05-23 15:18:51,15.76
2025-05-23 15:37:06,15.76
2025-05-23 15:49:10,15.76
2025-05-23 16:11:01,15.76
2025-05-23 16:40:46,14.76
2025-05-23 16:54:30,14.76
2025-05-23 17:18:34,13.76
2025-05-23 17:37:26,13.76
2025-05-23 17:49:27,13.76
2025-05-23 18:12:45,13.76
2025-05-23 18:43:17,13.76
2025-05-23 18:56:34,13.76
2025-05-23 19:20:01,13.76
2025-05-23 19:33:06,13.76
2025-05-23 19:45:01,13.76
2025-05-23 19:56:57,13.76
2025-05-23 20:28:08,13.76
2025-05-23 20:44:44,13.76
2025-05-23 20:56:29,13.76
2025-05-23 21:21:51,13.76
2025-05-23 21:36:31,13.76
2025-05-23 21:48:19,13.76
2025-05-23 22:00:15,13.76
2025-05-23 22:28:21,13.76
2025-05-23 22:44:35,13.76
2025-05-23 22:56:26,13.76
2025-05-23 23:23:50,14.76
2025-05-23 23:40:06,14.76
2025-05-23 23:51:51,14.76
2025-05-24 01:10:54,16.76
2025-05-24 02:44:34,16.76
2025-05-24 03:29:58,16.76
2025-05-24 03:53:20,16.76
2025-05-24 04:21:00,17.76
2025-05-24 04:42:05,17.76
2025-05-24 04:54:19,17.76
2025-05-24 05:19:12,15.98
2025-05-24 05:38:12,18.76
2025-05-24 05:50:02,18.76
2025-05-24 06:14:16,15.83
2025-05-24 06:41:31,18.76
2025-05-24 06:54:23,18.76
2025-05-24 07:18:08,18.76
2025-05-24 07:31:37,18.76
2025-05-24 07:43:19,18.76
2025-05-24 07:55:15,18.76
2025-05-24 08:26:22,17.76
2025-05-24 08:44:56,17.76
2025-05-24 08:56:48,17.76
2025-05-24 09:24:18,17.76
2025-05-24 09:38:39,17.76
2025-05-24 09:50:34,17.76
2025-05-24 10:11:33,16.28
2025-05-24 10:35:34,16.76
2025-05-24 10:47:47,16.76
2025-05-24 10:59:40,16.76
2025-05-24 11:20:38,16.76
2025-05-24 11:33:49,16.76
2025-05-24 11:45:37,16.76
2025-05-24 11:57:36,16.76
2025-05-24 12:48:43,16.76
2025-05-24 13:18:11,15.76
2025-05-24 13:39:00,15.76
2025-05-24 13:50:43,15.76
2025-05-24 14:10:13,15.76
2025-05-24 14:31:22,14.76
2025-05-24 14:43:55,14.76
2025-05-24 14:55:39,14.76
2025-05-24 15:22:01,13.1
2025-05-24 15:36:55,12.76
2025-05-24 15:48:52,12.76
2025-05-24 16:08:37,12.76
2025-05-24 16:35:17,11.76
2025-05-24 16:50:35,11.76
2025-05-24 17:09:42,11.76
2025-05-24 17:30:20,11.76
2025-05-24 17:42:36,11.76
2025-05-24 17:54:33,11.76
2025-05-24 18:27:11,10.76
2025-05-24 18:46:57,10.76
2025-05-24 18:58:48,10.76
2025-05-24 19:19:30,12.15
2025-05-24 19:32:10,9.76
2025-05-24 19:44:15,9.76
2025-05-24 19:56:08,9.76
2025-05-24 20:25:14,9.76
2025-05-24 20:40:54,9.76
2025-05-24 20:52:45,9.76
2025-05-24 21:14:35,10.76
2025-05-24 21:30:10,10.76
2025-05-24 21:42:04,10.76
2025-05-24 21:54:12,10.76
2025-05-24 22:18:14,11.78
2025-05-24 22:37:22,12.76
2025-05-24 22:49:08,12.76
2025-05-24 23:08:30,12.76
2025-05-24 23:28:03,15.76
2025-05-24 23:43:06,15.76
2025-05-24 23:54:49,15.76
2025-05-25 01:58:09,19.76
2025-05-25 03:22:36,21.76
2025-05-25 03:59:26,21.76
2025-05-25 04:34:12,20.76
2025-05-25 04:50:50,20.76
2025-05-25 05:12:14,20.76
2025-05-25 05:33:23,20.76
2025-05-25 05:45:21,20.76
2025-05-25 05:57:19,20.76
2025-05-25 06:34:24,21.76
2025-05-25 06:51:09,21.76
2025-05-25 07:12:12,21.76
2025-05-25 07:30:43,21.76
2025-05-25 07:42:58,21.76
2025-05-25 07:54:58,21.76
2025-05-25 08:26:36,21.76
2025-05-25 08:47:39,21.76
2025-05-25 08:59:19,21.76
2025-05-25 09:25:04,20.76
2025-05-25 09:39:32,20.76
2025-05-25 09:51:14,20.76
2025-05-25 10:12:59,21.61
2025-05-25 10:36:11,18.76
2025-05-25 10:49:04,18.76
2025-05-25 11:06:43,18.76
2025-05-25 11:24:22,16.76
2025-05-25 11:37:38,16.76
2025-05-25 11:49:46,16.76
2025-05-25 12:18:10,15.76
2025-05-25 12:57:13,15.76
2025-05-25 13:30:37,13.76
2025-05-25 13:44:30,13.76
2025-05-25 13:56:26,13.76
2025-05-25 14:22:49,13.76
2025-05-25 14:39:17,13.76
2025-05-25 14:51:20,13.76
2025-05-25 15:12:33,12.76
2025-05-25 15:31:22,12.76
2025-05-25 15:43:36,12.76
2025-05-25 15:55:17,12.76
2025-05-25 16:26:54,11.76
2025-05-25 16:47:19,11.76
2025-05-25 16:59:25,11.76
2025-05-25 17:23:17,11.76
2025-05-25 17:38:58,11.76
2025-05-25 17:50:51,11.76
2025-05-25 18:15:44,14.95
2025-05-25 18:41:12,11.76
2025-05-25 18:53:03,11.76
2025-05-25 19:12:51,11.76
2025-05-25 19:26:34,11.76
2025-05-25 19:39:50,11.76
2025-05-25 19:51:46,11.76
2025-05-25 20:14:56,11.76
2025-05-25 20:33:19,11.76
2025-05-25 20:45:22,11.76
2025-05-25 20:57:26,11.76
2025-05-25 21:23:16,14.63
2025-05-25 21:36:55,11.76
2025-05-25 21:49:05,11.76
2025-05-25 22:08:08,11.76
2025-05-25 22:32:55,14.76
2025-05-25 22:46:20,14.76
2025-05-25 22:58:22,14.76
2025-05-25 23:25:05,17.76
2025-05-25 23:39:52,17.76
2025-05-25 23:51:54,17.76
2025-05-26 01:16:05,21.76
2025-05-26 02:56:26,22.76
2025-05-26 03:49:13,24.76
2025-05-26 04:15:56,24.76
2025-05-26 04:43:25,24.76
2025-05-26 04:56:15,24.76
2025-05-26 05:26:28,25.76
2025-05-26 05:45:18,25.76
2025-05-26 05:57:12,25.76
2025-05-26 06:39:00,25.76
2025-05-26 06:56:40,25.76
2025-05-26 07:35:08,24.76
2025-05-26 07:56:39,24.76
2025-05-26 08:53:11,24.76
2025-05-26 09:42:50,21.76
2025-05-26 10:13:09,21.76
2025-05-26 10:42:47,19.76
2025-05-26 10:56:18,19.76
2025-05-26 11:19:44,21.17
2025-05-26 11:33:51,17.76
2025-05-26 11:45:37,17.76
2025-05-26 11:57:32,17.76
2025-05-26 12:52:53,16.76
2025-05-26 13:27:24,14.76
2025-05-26 13:47:38,14.76
2025-05-26 13:59:39,14.76
2025-05-26 14:29:12,15.76
2025-05-26 14:46:17,15.76
2025-05-26 14:58:08,15.76
2025-05-26 15:28:09,13.76
2025-05-26 15:44:14,13.76
2025-05-26 15:56:14,13.76
2025-05-26 16:30:37,13.76
2025-05-26 16:50:50,13.76
2025-05-26 17:10:43,13.76
2025-05-26 17:32:31,13.76
2025-05-26 17:44:55,13.76
2025-05-26 17:56:45,13.76
2025-05-26 18:34:23,12.76
2025-05-26 18:51:21,12.76
2025-05-26 19:11:22,13.76
2025-05-26 19:26:21,13.76
2025-05-26 19:39:30,13.76
2025-05-26 19:51:39,13.76
2025-05-26 20:15:44,12.76
2025-05-26 20:35:28,12.76
2025-05-26 20:47:55,12.76
2025-05-26 20:59:52,12.76
2025-05-26 21:24:37,12.76
2025-05-26 21:39:41,12.76
2025-05-26 21:51:44,12.76
2025-05-26 22:13:26,17.17
2025-05-26 22:36:02,16.76
2025-05-26 22:48:58,16.76
2025-05-26 23:08:12,16.76
2025-05-26 23:28:31,18.76
2025-05-26 23:43:41,18.76
2025-05-26 23:55:38,18.76
2025-05-27 01:56:17,21.76
2025-05-27 03:14:20,24.76
2025-05-27 03:53:09,24.76
2025-05-27 04:23:59,25.76
2025-05-27 04:47:16,25.76
2025-05-27 04:59:22,25.76
2025-05-27 05:28:40,25.76
2025-05-27 05:45:57,25.76
2025-05-27 05:57:51,25.76
2025-05-27 06:37:19,25.76
2025-05-27 06:54:45,25.76
2025-05-27 07:21:50,24.76
2025-05-27 07:37:53,24.76
2025-05-27 07:49:36,24.76
2025-05-27 08:14:15,25.8
2025-05-27 08:42:34,24.76
2025-05-27 08:58:12,24.76
2025-05-27 09:28:48,21.76
2025-05-27 09:45:28,21.76
2025-05-27 09:57:27,21.76
2025-05-27 10:30:33,19.76
2025-05-27 10:49:02,19.76
2025-05-27 11:08:03,19.76
2025-05-27 11:27:26,17.76
2025-05-27 11:41:39,17.76
2025-05-27 11:53:30,17.76
2025-05-27 12:40:08,17.76
2025-05-27 13:21:23,17.76
2025-05-27 13:47:37,17.76
2025-05-27 13:59:27,17.76
2025-05-27 14:30:16,15.76
2025-05-27 14:48:29,15.76
2025-05-27 15:00:41,15.76
2025-05-27 15:30:40,16.76
2025-05-27 15:47:01,16.76
2025-05-27 15:58:43,16.76
2025-05-27 16:34:36,15.76
2025-05-27 16:53:39,15.76
2025-05-27 17:17:07,16.66
2025-05-27 17:35:19,14.76
2025-05-27 17:47:20,14.76
2025-05-27 17:59:12,14.76
2025-05-27 18:36:47,14.76
2025-05-27 18:54:43,14.76
2025-05-27 19:17:20,13.76
2025-05-27 19:30:06,13.76
2025-05-27 19:42:00,13.76
2025-05-27 19:54:10,13.76
2025-05-27 20:22:31,16.62
2025-05-27 20:40:29,16.62
2025-05-27 20:52:36,13.76
2025-05-27 21:15:51,14.76
2025-05-27 21:34:19,14.76
2025-05-27 21:46:17,14.76
2025-05-27 21:58:09,14.76
2025-05-27 22:26:44,16.76
2025-05-27 22:44:28,16.76
2025-05-27 22:56:19,16.76
2025-05-27 23:23:17,19.16
2025-05-27 23:38:21,17.76
2025-05-27 23:50:15,17.76
2025-05-28 00:58:00,17.76
2025-05-28 02:47:20,22.76
2025-05-28 03:35:49,24.76
2025-05-28 04:00:11,24.76
2025-05-28 04:34:04,25.76
2025-05-28 04:51:03,25.76
2025-05-28 05:13:59,25.7
2025-05-28 05:38:00,26.76
2025-05-28 05:50:27,26.76
2025-05-28 06:17:58,25.44
2025-05-28 06:46:36,25.76
2025-05-28 06:58:41,25.76
2025-05-28 07:26:49,23.76
2025-05-28 07:42:59,23.76
2025-05-28 07:54:53,23.76
2025-05-28 08:30:02,22.76
2025-05-28 08:53:04,22.76
2025-05-28 09:19:19,23.76
2025-05-28 09:39:14,20.76
2025-05-28 09:51:17,20.76
2025-05-28 10:15:51,20.76
2025-05-28 10:42:04,19.76
2025-05-28 10:54:22,19.76
2025-05-28 11:18:27,18.76
2025-05-28 11:32:13,18.76
2025-05-28 11:43:52,18.76
2025-05-28 11:55:38,18.76
2025-05-28 12:51:00,17.76
2025-05-28 13:27:59,17.76
2025-05-28 13:50:11,17.76
2025-05-28 14:12:20,15.76
2025-05-28 14:42:07,15.76
2025-05-28 14:55:27,15.76
2025-05-28 15:25:03,15.76
2025-05-28 15:43:53,15.76
2025-05-28 15:56:10,15.76
2025-05-28 16:31:25,14.76
2025-05-28 16:52:34,14.76
2025-05-28 17:14:50,14.76
2025-05-28 17:35:43,14.76
2025-05-28 17:47:51,14.76
2025-05-28 17:59:33,14.76
2025-05-28 18:36:42,13.76
2025-05-28 18:53:37,13.76
2025-05-28 19:15:48,16.83
2025-05-28 19:29:02,13.76
2025-05-28 19:41:09,13.76
2025-05-28 19:53:06,13.76
2025-05-28 20:20:02,13.76
2025-05-28 20:39:28,13.76
2025-05-28 20:52:03,13.76
2025-05-28 21:14:23,16.5
2025-05-28 21:31:37,13.76
2025-05-28 21:43:29,13.76
2025-05-28 21:55:28,13.76
2025-05-28 22:22:23,17.44
2025-05-28 22:40:59,16.76
2025-05-28 22:52:54,16.76
2025-05-28 23:16:28,19.25
2025-05-28 23:32:57,19.76
2025-05-28 23:44:58,19.76
2025-05-28 23:56:39,19.76
2025-05-29 02:06:44,22.76
2025-05-29 03:18:42,24.47
2025-05-29 03:54:41,24.76
2025-05-29 04:27:47,25.76
2025-05-29 04:48:58,25.76
2025-05-29 05:09:52,25.76
2025-05-29 05:34:43,26.76
2025-05-29 05:48:56,26.76
2025-05-29 06:13:33,25.78
2025-05-29 06:45:45,25.76
2025-05-29 06:58:43,25.76
2025-05-29 07:27:02,25.76
2025-05-29 07:42:07,25.76
2025-05-29 07:54:12,25.76
2025-05-29 08:28:06,23.76
2025-05-29 08:50:48,23.76
2025-05-29 09:13:45,23.12
2025-05-29 09:35:34,22.76
2025-05-29 09:48:35,22.76
2025-05-29 10:09:18,22.76
2025-05-29 10:39:40,21.76
2025-05-29 10:53:10,21.76
2025-05-29 11:15:30,21.76
2025-05-29 11:30:21,18.76
2025-05-29 11:42:57,18.76
2025-05-29 11:54:48,18.76
2025-05-29 12:44:52,17.76
2025-05-29 13:21:14,17.76
2025-05-29 13:44:45,17.76
2025-05-29 13:56:29,17.76
2025-05-29 14:25:54,19.33
2025-05-29 14:45:09,16.76
2025-05-29 14:57:07,16.76
2025-05-29 15:28:04,16.76
2025-05-29 15:44:33,16.76
2025-05-29 15:56:31,16.76
2025-05-29 16:32:32,15.76
2025-05-29 16:53:22,15.76
2025-05-29 17:17:11,17.61
2025-05-29 17:37:45,14.76
2025-05-29 17:49:41,14.76
2025-05-29 18:14:12,16.6
2025-05-29 18:44:46,14.76
2025-05-29 18:57:56,14.76
2025-05-29 19:19:17,16.81
2025-05-29 19:31:43,14.76
2025-05-29 19:43:35,14.76
2025-05-29 19:55:31,14.76
2025-05-29 20:26:30,14.76
2025-05-29 20:44:11,14.76
2025-05-29 20:56:13,14.76
2025-05-29 21:23:28,13.76
2025-05-29 21:38:19,13.76
2025-05-29 21:49:55,13.76
2025-05-29 22:10:22,13.76
2025-05-29 22:35:04,16.76
2025-05-29 22:48:48,16.76
2025-05-29 23:07:33,16.76
2025-05-29 23:28:27,18.76
2025-05-29 23:43:48,18.76
2025-05-29 23:55:31,18.76
2025-05-30 01:55:29,22.76
2025-05-30 03:14:03,23.76
2025-05-30 03:51:38,25.76
2025-05-30 04:19:06,26.76
2025-05-30 04:43:09,26.76
2025-05-30 04:55:56,26.76
2025-05-30 05:24:39,26.76
2025-05-30 05:43:44,26.76
2025-05-30 05:55:39,26.76
2025-05-30 06:34:05,27.76
2025-05-30 06:54:08,27.76
2025-05-30 07:19:41,27.76
2025-05-30 07:35:38,27.76
2025-05-30 07:47:34,27.76
2025-05-30 07:59:27,27.76
2025-05-30 08:34:58,26.76
2025-05-30 08:53:54,26.76
2025-05-30 09:20:47,25.28
2025-05-30 09:38:48,23.76
2025-05-30 09:50:41,23.76
2025-05-30 10:13:26,24.11
2025-05-30 10:40:00,21.76
2025-05-30 10:52:13,21.76
2025-05-30 11:13:00,21.22
2025-05-30 11:29:01,21.22
2025-05-30 11:41:42,19.76
2025-05-30 11:53:51,19.76
2025-05-30 12:40:07,16.76
2025-05-30 13:19:19,20.18
2025-05-30 13:43:37,17.76
2025-05-30 13:55:17,17.76
2025-05-30 14:23:16,19.08
2025-05-30 14:43:14,16.76
2025-05-30 14:55:22,16.76
2025-05-30 15:24:54,16.76
2025-05-30 15:42:07,16.76
2025-05-30 15:54:06,16.76
2025-05-30 16:25:59,14.76
2025-05-30 16:48:52,14.76
2025-05-30 17:07:49,14.76
2025-05-30 17:30:40,14.76
2025-05-30 17:45:08,14.76
2025-05-30 17:57:05,14.76
2025-05-30 18:36:26,14.76
2025-05-30 18:53:31,14.76
2025-05-30 19:14:57,15.93
2025-05-30 19:28:12,13.76
2025-05-30 19:40:23,13.76
2025-05-30 19:52:19,13.76
2025-05-30 20:17:41,15.24
2025-05-30 20:37:53,13.76
2025-05-30 20:51:26,13.76
2025-05-30 21:12:28,13.76
2025-05-30 21:30:25,14.76
2025-05-30 21:42:47,14.76
2025-05-30 21:54:38,14.76
2025-05-30 22:20:04,16.76
2025-05-30 22:39:39,16.76
2025-05-30 22:51:34,16.76
2025-05-30 23:13:36,16.76
2025-05-30 23:32:01,20.76
2025-05-30 23:44:20,20.76
2025-05-30 23:56:17,20.76
2025-05-31 02:01:54,23.76
2025-05-31 03:15:06,23.76
2025-05-31 03:49:33,25.76
2025-05-31 04:13:43,25.76
2025-05-31 04:39:31,25.76
2025-05-31 04:54:59,25.76
2025-05-31 05:20:44,24.76
2025-05-31 05:39:07,24.76
2025-05-31 05:50:47,24.76
2025-05-31 06:16:57,25.61
2025-05-31 06:43:16,25.76
2025-05-31 06:54:58,25.76
2025-05-31 07:19:53,24.91
2025-05-31 07:33:55,23.76
2025-05-31 07:45:58,23.76
2025-05-31 07:57:41,23.76
2025-05-31 08:31:38,23.76
2025-05-31 08:49:24,23.76
2025-05-31 09:09:27,23.76
2025-05-31 09:29:49,21.76
2025-05-31 09:42:18,21.76
2025-05-31 09:54:10,21.76
2025-05-31 10:19:50,18.76
2025-05-31 10:39:50,18.76
2025-05-31 10:51:58,18.76
2025-05-31 11:11:38,18.76
2025-05-31 11:26:33,17.76
2025-05-31 11:39:43,17.76
2025-05-31 11:51:48,17.76
2025-05-31 12:27:44,17.76
2025-05-31 13:03:58,17.76
2025-05-31 13:35:03,17.76
2025-05-31 13:48:05,17.76
2025-05-31 13:59:58,17.76
2025-05-31 14:25:28,17.76
2025-05-31 14:42:27,17.76
